Index,PedestrianSpeed,FinalHostSpeed,PedestrianEgoDistanceStartWalk,Min distance,Velocity at min distance
0,0.551775,19.080164,49.520474,0.349462,-5.960930
1,1.451062,79.462328,8.003633,2.472819,-1.749533
2,0.795226,32.499547,37.812263,2.539285,-3.908470
3,2.475694,62.335983,49.676521,2.278762,-0.020510
4,0.808979,37.919064,9.441015,2.255356,-0.020507
5,1.067508,76.208483,15.533824,2.936127,-4.618802
6,1.945653,39.894016,41.669847,2.693830,-1.749533
7,2.218149,73.573007,27.909758,2.399910,-0.020507
8,0.922290,33.879829,47.930271,2.941584,-1.920382
9,0.633114,45.116836,19.884133,1000.000000,1000.000000
10,1.608978,78.931806,12.798725,1000.000000,1000.000000
11,2.973352,70.882900,4.950894,1000.000000,1000.000000
12,0.540780,25.559299,19.954408,1000.000000,1000.000000
13,1.680225,12.116870,48.706003,1000.000000,1000.000000
14,0.967659,20.561680,41.091092,1000.000000,1000.000000
15,2.455636,22.001436,8.936270,1000.000000,1000.000000
16,1.753883,79.762940,30.110888,1000.000000,1000.000000
17,1.513647,7.480116,38.519855,1000.000000,1000.000000
18,2.180560,28.045306,36.261025,1000.000000,1000.000000
19,1.544093,53.960736,42.986330,1000.000000,1000.000000
20,0.551775,19.080164,49.520474,0.349462,-5.960930
21,0.821739,32.690494,48.706003,0.349462,-5.960930
22,1.451062,79.462328,8.003633,2.472819,-1.749533
23,0.795226,32.499547,37.812263,2.539285,-3.908470
24,2.475694,62.335983,49.676521,2.278762,-0.020510
25,1.067508,76.208483,15.533824,2.936127,-4.618802
26,0.540780,25.559299,9.528485,2.214972,-0.020507
27,1.653712,11.925924,37.812263,2.472819,-1.749533
28,0.922290,33.879829,47.930271,2.941584,-1.920382
29,0.808979,37.919064,9.441015,2.255356,-0.020507
30,1.883466,40.105543,41.669847,2.616099,-1.749533
31,0.795226,32.499547,38.032718,2.373429,-0.020507
32,1.945653,39.894016,41.669847,2.693830,-1.749533
33,2.218149,73.573007,27.909758,2.399910,-0.020507
34,0.505068,19.080164,16.061639,1000.000000,1000.000000
35,2.455636,22.001436,8.936270,1000.000000,1000.000000
36,1.390853,79.462328,8.003633,1000.000000,1000.000000
37,1.327648,34.334454,15.357649,1000.000000,1000.000000
38,1.753883,79.762940,30.110888,1000.000000,1000.000000
39,1.680225,12.116870,48.706003,1000.000000,1000.000000
40,0.551775,19.080164,49.520474,0.349462,-5.960930
41,0.821739,32.690494,48.706003,0.349462,-5.960930
42,0.532862,25.559299,8.979782,0.349462,-5.960930
43,0.795226,32.499547,37.812263,2.539285,-3.908470
44,1.067508,76.208483,15.533824,2.936127,-4.618802
45,0.802396,32.690494,27.336601,0.413079,-3.660447
46,1.948870,48.588051,41.669847,2.597361,-3.908470
47,1.451062,79.462328,8.003633,2.472819,-1.749533
48,2.475694,62.335983,49.676521,2.278762,-0.020510
49,0.540780,25.559299,9.528485,2.214972,-0.020507
50,1.653712,11.925924,37.812263,2.472819,-1.749533
51,0.922290,33.879829,47.930271,2.941584,-1.920382
52,2.399995,62.335983,52.901868,3.202049,-2.380128
53,0.808979,37.919064,9.441015,2.255356,-0.020507
54,1.883466,40.105543,41.669847,2.616099,-1.749533
55,0.795226,32.499547,38.032718,2.373429,-0.020507
56,1.945653,39.894016,41.669847,2.693830,-1.749533
57,2.218149,73.573007,27.909758,2.399910,-0.020507
58,1.321857,34.334454,13.224442,2.697924,-1.749533
59,2.237508,73.573007,49.279160,1000.000000,1000.000000
60,0.551775,19.080164,49.520474,0.349462,-5.960930
61,0.821739,32.690494,48.706003,0.349462,-5.960930
62,0.532862,25.559299,8.979782,0.349462,-5.960930
63,0.795226,32.499547,37.812263,2.539285,-3.908470
64,1.067508,76.208483,15.533824,2.936127,-4.618802
65,0.802396,32.690494,27.336601,0.413079,-3.660447
66,1.948870,48.588051,41.669847,2.597361,-3.908470
67,2.475694,62.335983,49.676521,2.278762,-0.020510
68,0.540780,25.559299,9.528485,2.214972,-0.020507
69,0.526565,32.690494,47.127911,2.437289,-1.749533
70,0.922290,33.879829,47.930271,2.941584,-1.920382
71,1.070887,62.345876,15.533824,3.030080,-3.375334
72,0.808979,37.919064,9.441015,2.255356,-0.020507
73,1.451062,79.462328,8.003633,2.472819,-1.749533
74,1.653712,11.925924,37.812263,2.472819,-1.749533
75,0.533053,19.080164,9.134023,3.195065,-2.380128
76,0.795226,32.499547,38.032718,2.373429,-0.020507
77,1.067508,31.736316,15.533824,2.612846,-1.749533
78,2.396616,76.198573,52.901868,2.399739,-0.020507
79,2.399995,62.335983,52.901868,3.202049,-2.380128
80,0.551775,19.080164,49.520474,0.349462,-5.960930
81,0.821739,32.690494,48.706003,0.349462,-5.960930
82,0.532862,25.559299,8.979782,0.349462,-5.960930
83,0.795226,32.499547,37.812263,2.539285,-3.908470
84,1.067508,76.208483,15.533824,2.936127,-4.618802
85,0.802396,32.690494,27.336601,0.413079,-3.660447
86,0.821709,25.559299,9.528485,0.363718,-2.396533
87,1.948870,48.588051,41.669847,2.597361,-3.908470
88,0.526565,32.690494,47.127911,2.437289,-1.749533
89,0.795226,71.982813,52.538926,1.582785,-0.527692
90,0.922290,33.879829,47.930271,2.941584,-1.920382
91,1.070887,62.345876,15.533824,3.030080,-3.375334
92,1.451062,79.462328,8.003633,2.472819,-1.749533
93,1.653712,11.925924,37.812263,2.472819,-1.749533
94,2.475694,62.335983,49.676521,2.278762,-0.020510
95,1.289577,28.037896,27.336601,2.147952,-0.020507
96,0.551775,19.080164,47.535266,3.154194,-2.380128
97,1.067508,31.736316,15.533824,2.612846,-1.749533
98,1.070887,76.155138,52.339375,2.161191,-0.020507
99,0.533053,19.080164,9.134023,3.195065,-2.380128
100,0.551775,19.080164,49.520474,0.349462,-5.960930
101,0.821739,32.690494,48.706003,0.349462,-5.960930
102,0.532862,25.559299,8.979782,0.349462,-5.960930
103,0.815778,25.559299,7.800799,0.212202,-2.724081
104,0.527446,19.099659,47.002825,0.397120,-5.709445
105,0.821709,25.559299,9.528485,0.363718,-2.396533
106,1.954802,47.846247,43.397919,0.363718,-2.396533
107,0.819572,25.559299,9.528485,0.362725,-2.396445
108,0.795226,32.499547,37.812263,2.539285,-3.908470
109,1.067508,76.208483,15.533824,2.936127,-4.618802
110,0.802396,32.690494,27.336601,0.413079,-3.660447
111,1.948870,48.588051,41.669847,2.597361,-3.908470
112,0.526565,32.690494,47.127911,2.437289,-1.749533
113,0.795226,71.982813,52.538926,1.582785,-0.527692
114,1.289577,28.037896,27.336601,2.147952,-0.020507
115,1.070887,62.345876,15.533824,3.030080,-3.375334
116,1.451062,79.462328,8.003633,2.472819,-1.749533
117,0.922290,33.879829,47.930271,2.941584,-1.920382
118,2.475694,62.335983,49.676521,2.278762,-0.020510
119,1.653712,11.925924,37.812263,2.472819,-1.749533
120,0.551775,19.080164,49.520474,0.349462,-5.960930
121,0.821739,32.690494,48.706003,0.349462,-5.960930
122,0.532862,25.559299,8.979782,0.349462,-5.960930
123,0.815778,25.559299,7.800799,0.212202,-2.724081
124,0.532862,38.714440,45.358178,0.349462,-5.960930
125,1.070471,25.559299,15.803011,0.316992,-3.983007
126,0.527446,19.099659,47.002825,0.397120,-5.709445
127,0.821709,25.559299,9.528485,0.363718,-2.396533
128,1.954802,47.846247,43.397919,0.363718,-2.396533
129,0.819572,25.559299,9.528485,0.362725,-2.396445
130,0.795226,32.499547,37.812263,2.539285,-3.908470
131,1.067508,76.208483,15.533824,2.936127,-4.618802
132,0.802396,32.690494,27.336601,0.413079,-3.660447
133,1.948870,48.588051,41.669847,2.597361,-3.908470
134,0.526565,32.690494,47.127911,2.437289,-1.749533
135,0.795226,71.982813,52.538926,1.582785,-0.527692
136,1.070887,62.345876,15.533824,3.030080,-3.375334
137,1.289577,28.037896,27.336601,2.147952,-0.020507
138,1.451062,79.462328,8.003633,2.472819,-1.749533
139,0.922290,33.879829,47.930271,2.941584,-1.920382
140,0.551775,19.080164,49.520474,0.349462,-5.960930
141,0.821739,32.690494,48.706003,0.349462,-5.960930
142,0.532862,25.559299,8.979782,0.349462,-5.960930
143,0.815778,25.559299,7.800799,0.212202,-2.724081
144,0.532862,38.714440,45.358178,0.349462,-5.960930
145,1.070471,25.559299,15.803011,0.316992,-3.983007
146,0.527446,19.099659,47.002825,0.397120,-5.709445
147,0.551775,19.080164,52.509643,0.368219,-4.383492
148,0.821709,25.559299,9.528485,0.363718,-2.396533
149,1.954802,47.846247,43.397919,0.363718,-2.396533
150,0.819572,25.559299,9.528485,0.362725,-2.396445
151,1.067508,76.208483,15.533824,2.936127,-4.618802
152,0.795226,32.499547,37.812263,2.539285,-3.908470
153,0.802396,32.690494,27.336601,0.413079,-3.660447
154,1.948870,48.588051,41.669847,2.597361,-3.908470
155,0.526565,32.690494,47.127911,2.437289,-1.749533
156,0.795226,71.982813,52.538926,1.582785,-0.527692
157,1.070887,62.345876,15.533824,3.030080,-3.375334
158,1.289577,28.037896,27.336601,2.147952,-0.020507
159,1.451062,79.462328,8.003633,2.472819,-1.749533
160,0.551775,19.080164,49.520474,0.349462,-5.960930
161,0.821739,32.690494,48.706003,0.349462,-5.960930
162,0.532862,25.559299,8.979782,0.349462,-5.960930
163,0.815778,25.559299,7.800799,0.212202,-2.724081
164,0.532862,38.714440,45.358178,0.349462,-5.960930
165,1.070471,25.559299,15.803011,0.316992,-3.983007
166,0.527446,19.099659,47.002825,0.397120,-5.709445
167,0.551775,19.080164,52.509643,0.368219,-4.383492
168,0.821709,25.559299,9.528485,0.363718,-2.396533
169,1.954802,47.846247,43.397919,0.363718,-2.396533
170,0.819572,25.559299,9.528485,0.362725,-2.396445
171,1.067508,76.208483,47.526892,0.361822,-2.396357
172,1.066981,25.559299,8.004312,0.351422,-1.772773
173,1.067508,76.208483,15.533824,2.936127,-4.618802
174,0.795226,32.499547,37.812263,2.539285,-3.908470
175,0.802396,32.690494,27.336601,0.413079,-3.660447
176,1.948870,48.588051,41.669847,2.597361,-3.908470
177,0.526565,32.690494,47.127911,2.437289,-1.749533
178,0.795226,71.982813,52.538926,1.582785,-0.527692
179,1.289577,28.037896,27.336601,2.147952,-0.020507
180,0.551775,19.080164,49.520474,0.349462,-5.960930
181,0.821739,32.690494,48.706003,0.349462,-5.960930
182,0.532862,25.559299,8.979782,0.349462,-5.960930
183,0.815778,25.559299,7.800799,0.212202,-2.724081
184,0.532862,38.714440,45.358178,0.349462,-5.960930
185,1.070471,25.559299,15.803011,0.316992,-3.983007
186,0.527446,19.099659,47.002825,0.397120,-5.709445
187,0.551775,19.080164,52.509643,0.368219,-4.383492
188,0.821709,25.559299,9.528485,0.363718,-2.396533
189,1.954802,47.846247,43.397919,0.363718,-2.396533
190,0.819572,25.559299,9.528485,0.362725,-2.396445
191,1.067508,76.208483,47.526892,0.361822,-2.396357
192,1.066981,25.559299,8.004312,0.351422,-1.772773
193,0.518132,18.618439,47.526892,0.363718,-2.396533
194,1.067508,76.208483,15.533824,2.936127,-4.618802
195,0.795226,32.499547,37.812263,2.539285,-3.908470
196,0.802396,32.690494,27.336601,0.413079,-3.660447
197,2.013537,25.559299,8.979782,0.354344,-1.768565
198,0.795226,71.982813,52.538926,1.582785,-0.527692
199,1.948870,48.588051,41.669847,2.597361,-3.908470
200,0.551775,19.080164,49.520474,0.349462,-5.960930
201,0.821739,32.690494,48.706003,0.349462,-5.960930
202,0.532862,25.559299,8.979782,0.349462,-5.960930
203,0.815778,25.559299,7.800799,0.212202,-2.724081
204,0.532862,38.714440,45.358178,0.349462,-5.960930
205,1.070471,25.559299,15.803011,0.316992,-3.983007
206,1.045004,76.757299,48.706003,0.271155,-2.374832
207,0.527446,19.099659,47.002825,0.397120,-5.709445
208,0.551775,19.080164,52.509643,0.368219,-4.383492
209,0.553390,25.559299,7.800799,0.358872,-4.381985
210,1.066981,25.559299,8.004312,0.351422,-1.772773
211,1.067508,76.208483,15.533824,2.936127,-4.618802
212,0.802396,32.690494,27.336601,0.413079,-3.660447
213,0.795226,32.499547,37.812263,2.539285,-3.908470
214,0.574799,25.559299,8.979782,0.365929,-2.396799
215,1.067508,76.208483,47.526892,0.361822,-2.396357
216,1.979096,25.559299,8.979782,0.364750,-2.396622
217,0.821709,25.559299,9.528485,0.363718,-2.396533
218,0.819572,25.559299,9.528485,0.362725,-2.396445
219,0.518132,18.618439,47.526892,0.363718,-2.396533
220,0.551775,19.080164,49.520474,0.349462,-5.960930
221,0.821739,32.690494,48.706003,0.349462,-5.960930
222,0.532862,25.559299,8.979782,0.349462,-5.960930
223,0.815778,25.559299,7.800799,0.212202,-2.724081
224,0.532862,38.714440,45.358178,0.349462,-5.960930
225,1.070471,25.559299,15.803011,0.316992,-3.983007
226,1.045004,76.757299,48.706003,0.271155,-2.374832
227,0.527446,19.099659,47.002825,0.397120,-5.709445
228,0.551775,19.080164,52.509643,0.368219,-4.383492
229,0.553390,25.559299,7.800799,0.358872,-4.381985
230,1.066981,25.559299,8.004312,0.351422,-1.772773
231,1.067508,76.208483,15.533824,2.936127,-4.618802
232,0.802396,32.690494,27.336601,0.413079,-3.660447
233,0.795226,32.499547,37.812263,2.539285,-3.908470
234,0.574799,25.559299,8.979782,0.365929,-2.396799
235,0.533405,19.365462,7.820913,0.359556,-2.395877
236,1.067508,76.208483,47.526892,0.361822,-2.396357
237,1.979096,25.559299,8.979782,0.364750,-2.396622
238,0.821709,25.559299,9.528485,0.363718,-2.396533
239,0.819572,25.559299,9.528485,0.362725,-2.396445
240,0.551775,19.080164,49.520474,0.349462,-5.960930
241,0.821739,32.690494,48.706003,0.349462,-5.960930
242,0.532862,25.559299,8.979782,0.349462,-5.960930
243,0.815778,25.559299,7.800799,0.212202,-2.724081
244,0.532862,38.714440,45.358178,0.349462,-5.960930
245,1.070471,25.559299,15.803011,0.316992,-3.983007
246,1.045004,76.757299,48.706003,0.271155,-2.374832
247,0.527446,19.099659,47.002825,0.397120,-5.709445
248,0.551775,19.080164,52.509643,0.368219,-4.383492
249,0.553390,25.559299,7.800799,0.358872,-4.381985
250,1.067508,76.208483,15.533824,2.936127,-4.618802
251,1.066981,25.559299,8.004312,0.351422,-1.772773
252,0.802396,32.690494,27.336601,0.413079,-3.660447
253,0.795226,32.499547,37.812263,2.539285,-3.908470
254,0.574799,25.559299,8.979782,0.365929,-2.396799
255,0.533405,19.365462,7.820913,0.359556,-2.395877
256,1.067508,76.208483,47.526892,0.361822,-2.396357
257,0.551689,25.521336,49.957702,0.359627,-2.396014
258,1.979096,25.559299,8.979782,0.364750,-2.396622
259,0.821709,25.559299,9.528485,0.363718,-2.396533
260,0.551775,19.080164,49.520474,0.349462,-5.960930
261,0.821739,32.690494,48.706003,0.349462,-5.960930
262,0.532862,25.559299,8.979782,0.349462,-5.960930
263,0.815778,25.559299,7.800799,0.212202,-2.724081
264,0.532862,38.714440,45.358178,0.349462,-5.960930
265,1.070471,25.559299,15.803011,0.316992,-3.983007
266,0.814375,25.521336,47.882324,0.260304,-3.660963
267,0.527446,19.099659,47.002825,0.397120,-5.709445
268,0.551775,19.080164,52.509643,0.368219,-4.383492
269,0.553390,25.559299,7.800799,0.358872,-4.381985
270,1.045004,76.757299,48.706003,0.271155,-2.374832
271,1.066981,25.559299,8.004312,0.351422,-1.772773
272,1.067508,76.208483,15.533824,2.936127,-4.618802
273,0.802396,32.690494,27.336601,0.413079,-3.660447
274,0.795226,32.499547,37.812263,2.539285,-3.908470
275,0.574799,25.559299,8.979782,0.365929,-2.396799
276,0.533405,19.365462,7.820913,0.359556,-2.395877
277,1.067508,76.208483,47.526892,0.361822,-2.396357
278,0.821709,25.559299,9.528485,0.363718,-2.396533
279,0.551689,25.521336,49.957702,0.359627,-2.396014
280,0.551775,19.080164,49.520474,0.349462,-5.960930
281,0.821739,32.690494,48.706003,0.349462,-5.960930
282,0.532862,25.559299,8.979782,0.349462,-5.960930
283,0.815778,25.559299,7.800799,0.212202,-2.724081
284,0.532862,38.714440,45.358178,0.349462,-5.960930
285,1.070471,25.559299,15.803011,0.316992,-3.983007
286,0.814375,25.521336,47.882324,0.260304,-3.660963
287,0.527446,19.099659,47.002825,0.397120,-5.709445
288,0.551775,19.080164,52.509643,0.368219,-4.383492
289,0.553390,25.559299,7.800799,0.358872,-4.381985
290,1.045004,76.757299,48.706003,0.271155,-2.374832
291,1.067508,76.208483,15.533824,2.936127,-4.618802
292,0.823668,19.099659,47.002825,0.290040,-2.372912
293,0.802396,32.690494,27.336601,0.413079,-3.660447
294,0.795226,32.499547,37.812263,2.539285,-3.908470
295,0.574799,25.559299,8.979782,0.365929,-2.396799
296,0.533405,19.365462,7.820913,0.359556,-2.395877
297,1.067508,76.208483,47.526892,0.361822,-2.396357
298,0.551689,25.521336,49.957702,0.359627,-2.396014
299,0.821709,25.559299,9.528485,0.363718,-2.396533
300,0.551775,19.080164,49.520474,0.349462,-5.960930
301,0.821739,32.690494,48.706003,0.349462,-5.960930
302,0.532862,25.559299,8.979782,0.349462,-5.960930
303,0.815778,25.559299,7.800799,0.212202,-2.724081
304,0.532862,38.714440,45.358178,0.349462,-5.960930
305,1.070471,25.559299,15.803011,0.316992,-3.983007
306,0.814375,25.521336,47.882324,0.260304,-3.660963
307,0.527446,19.099659,47.002825,0.397120,-5.709445
308,0.551775,19.080164,52.509643,0.368219,-4.383492
309,0.553390,25.559299,7.800799,0.358872,-4.381985
310,1.045004,76.757299,48.706003,0.271155,-2.374832
311,1.067508,76.208483,15.533824,2.936127,-4.618802
312,0.535358,25.531090,15.803011,0.359468,-4.380607
313,0.823668,19.099659,47.002825,0.290040,-2.372912
314,0.516995,19.311389,47.002825,0.345339,-1.800335
315,0.795226,32.499547,37.812263,2.539285,-3.908470
316,0.802396,32.690494,27.336601,0.413079,-3.660447
317,0.574799,25.559299,8.979782,0.365929,-2.396799
318,0.533405,19.365462,7.820913,0.359556,-2.395877
319,1.067508,76.208483,47.526892,0.361822,-2.396357
320,0.551775,19.080164,49.520474,0.349462,-5.960930
321,0.821739,32.690494,48.706003,0.349462,-5.960930
322,0.532862,25.559299,8.979782,0.349462,-5.960930
323,0.815778,25.559299,7.800799,0.212202,-2.724081
324,0.532862,38.714440,45.358178,0.349462,-5.960930
325,1.070471,25.559299,15.803011,0.316992,-3.983007
326,0.814375,25.521336,47.882324,0.260304,-3.660963
327,0.527446,19.099659,47.002825,0.397120,-5.709445
328,0.551775,19.080164,52.509643,0.368219,-4.383492
329,0.553390,25.559299,7.800799,0.358872,-4.381985
330,1.045004,76.757299,48.706003,0.271155,-2.374832
331,1.067508,76.208483,15.533824,2.936127,-4.618802
332,0.535358,25.531090,15.803011,0.359468,-4.380607
333,0.823668,19.099659,47.002825,0.290040,-2.372912
334,0.795226,32.499547,37.812263,2.539285,-3.908470
335,0.802396,32.690494,27.336601,0.413079,-3.660447
336,0.574799,25.559299,8.979782,0.365929,-2.396799
337,0.533405,19.365462,7.820913,0.359556,-2.395877
338,1.067508,76.208483,47.526892,0.361822,-2.396357
339,0.516995,19.311389,47.002825,0.345339,-1.800335
340,0.551775,19.080164,49.520474,0.349462,-5.960930
341,0.821739,32.690494,48.706003,0.349462,-5.960930
342,0.532862,25.559299,8.979782,0.349462,-5.960930
343,0.815778,25.559299,7.800799,0.212202,-2.724081
344,0.532862,38.714440,45.358178,0.349462,-5.960930
345,1.070471,25.559299,15.803011,0.316992,-3.983007
346,0.814375,25.521336,47.882324,0.260304,-3.660963
347,0.527446,19.099659,47.002825,0.397120,-5.709445
348,0.551775,19.080164,52.509643,0.368219,-4.383492
349,0.553390,25.559299,7.800799,0.358872,-4.381985
350,1.045004,76.757299,48.706003,0.271155,-2.374832
351,1.067508,76.208483,15.533824,2.936127,-4.618802
352,0.535358,25.531090,15.803011,0.359468,-4.380607
353,0.823668,19.099659,47.002825,0.290040,-2.372912
354,0.795226,32.499547,37.812263,2.539285,-3.908470
355,0.516995,19.311389,47.002825,0.345339,-1.800335
356,0.802396,32.690494,27.336601,0.413079,-3.660447
357,0.574799,25.559299,8.979782,0.365929,-2.396799
358,0.533405,19.365462,7.820913,0.359556,-2.395877
359,1.067508,76.208483,47.526892,0.361822,-2.396357
360,0.551775,19.080164,49.520474,0.349462,-5.960930
361,0.821739,32.690494,48.706003,0.349462,-5.960930
362,0.532862,25.559299,8.979782,0.349462,-5.960930
363,0.815778,25.559299,7.800799,0.212202,-2.724081
364,0.532862,38.714440,45.358178,0.349462,-5.960930
365,1.070471,25.559299,15.803011,0.316992,-3.983007
366,0.814375,25.521336,47.882324,0.260304,-3.660963
367,0.527446,19.099659,47.002825,0.397120,-5.709445
368,0.551775,19.080164,52.509643,0.368219,-4.383492
369,0.553390,25.559299,7.800799,0.358872,-4.381985
370,1.045004,76.757299,48.706003,0.271155,-2.374832
371,0.795226,21.643378,43.057655,0.272843,-2.514012
372,1.067243,32.690494,48.391060,0.271155,-2.374832
373,1.067508,76.208483,15.533824,2.936127,-4.618802
374,0.535358,25.531090,15.803011,0.359468,-4.380607
375,0.823668,19.099659,47.002825,0.290040,-2.372912
376,0.795226,32.499547,37.812263,2.539285,-3.908470
377,0.516995,19.311389,47.002825,0.345339,-1.800335
378,0.802396,32.690494,27.336601,0.413079,-3.660447
379,0.574799,25.559299,8.979782,0.365929,-2.396799
380,0.551775,19.080164,49.520474,0.349462,-5.960930
381,0.821739,32.690494,48.706003,0.349462,-5.960930
382,0.532862,25.559299,8.979782,0.349462,-5.960930
383,0.815778,25.559299,7.800799,0.212202,-2.724081
384,0.532862,38.714440,45.358178,0.349462,-5.960930
385,1.070471,25.559299,15.803011,0.316992,-3.983007
386,0.814375,25.521336,47.882324,0.260304,-3.660963
387,0.527446,19.099659,47.002825,0.397120,-5.709445
388,0.551775,19.080164,52.509643,0.368219,-4.383492
389,0.553390,25.559299,7.800799,0.358872,-4.381985
390,1.045004,76.757299,48.706003,0.271155,-2.374832
391,0.795226,21.643378,43.057655,0.272843,-2.514012
392,1.067243,32.690494,48.391060,0.271155,-2.374832
393,1.067508,76.208483,15.533824,2.936127,-4.618802
394,0.535358,25.531090,15.803011,0.359468,-4.380607
395,1.045004,75.016675,16.136459,0.274056,-2.375092
396,0.823668,19.099659,47.002825,0.290040,-2.372912
397,0.795226,32.499547,37.812263,2.539285,-3.908470
398,0.802396,32.690494,27.336601,0.413079,-3.660447
399,0.574799,25.559299,8.979782,0.365929,-2.396799
400,0.551775,19.080164,49.520474,0.349462,-5.960930
401,0.821739,32.690494,48.706003,0.349462,-5.960930
402,0.532862,25.559299,8.979782,0.349462,-5.960930
403,0.815778,25.559299,7.800799,0.212202,-2.724081
404,0.532862,38.714440,45.358178,0.349462,-5.960930
405,1.070471,25.559299,15.803011,0.316992,-3.983007
406,0.814375,25.521336,47.882324,0.260304,-3.660963
407,0.527446,19.099659,47.002825,0.397120,-5.709445
408,0.551775,19.080164,52.509643,0.368219,-4.383492
409,0.553390,25.559299,7.800799,0.358872,-4.381985
410,1.045004,76.757299,48.706003,0.271155,-2.374832
411,0.795226,21.643378,43.057655,0.272843,-2.514012
412,1.067243,32.690494,48.391060,0.271155,-2.374832
413,0.821739,32.715481,48.706003,0.328462,-2.758951
414,1.045004,76.702596,48.706003,0.271155,-2.374832
415,1.070471,76.764499,15.913608,0.271155,-2.374832
416,1.067508,76.208483,15.533824,2.936127,-4.618802
417,0.535358,25.531090,15.803011,0.359468,-4.380607
418,1.045004,75.016675,16.136459,0.274056,-2.375092
419,0.795226,32.499547,37.812263,2.539285,-3.908470
420,0.551775,19.080164,49.520474,0.349462,-5.960930
421,0.821739,32.690494,48.706003,0.349462,-5.960930
422,0.532862,25.559299,8.979782,0.349462,-5.960930
423,0.815778,25.559299,7.800799,0.212202,-2.724081
424,0.532862,38.714440,45.358178,0.349462,-5.960930
425,1.070471,25.559299,15.803011,0.316992,-3.983007
426,0.814375,25.521336,47.882324,0.260304,-3.660963
427,0.527446,19.099659,47.002825,0.397120,-5.709445
428,0.551775,19.080164,52.509643,0.368219,-4.383492
429,0.553390,25.559299,7.800799,0.358872,-4.381985
430,1.045004,76.757299,48.706003,0.271155,-2.374832
431,0.795226,21.643378,43.057655,0.272843,-2.514012
432,1.067243,32.690494,48.391060,0.271155,-2.374832
433,0.821739,32.715481,48.706003,0.328462,-2.758951
434,1.045004,76.702596,48.706003,0.271155,-2.374832
435,1.070471,76.764499,15.913608,0.271155,-2.374832
436,1.067508,76.208483,15.533824,2.936127,-4.618802
437,0.535358,25.531090,15.803011,0.359468,-4.380607
438,1.045004,75.016675,16.136459,0.274056,-2.375092
439,0.535043,38.714440,45.358178,0.364750,-2.396622
440,0.551775,19.080164,49.520474,0.349462,-5.960930
441,0.821739,32.690494,48.706003,0.349462,-5.960930
442,0.532862,25.559299,8.979782,0.349462,-5.960930
443,0.815778,25.559299,7.800799,0.212202,-2.724081
444,0.532862,38.714440,45.358178,0.349462,-5.960930
445,1.070471,25.559299,15.803011,0.316992,-3.983007
446,0.814375,25.521336,47.882324,0.260304,-3.660963
447,0.551775,19.080164,52.509643,0.368219,-4.383492
448,0.553390,25.559299,7.800799,0.358872,-4.381985
449,0.534954,19.099659,47.002825,0.375248,-5.960930
450,1.045004,76.757299,48.706003,0.271155,-2.374832
451,0.795226,21.643378,43.057655,0.272843,-2.514012
452,1.067243,32.690494,48.391060,0.271155,-2.374832
453,0.821739,32.715481,48.706003,0.328462,-2.758951
454,1.045004,76.702596,48.706003,0.271155,-2.374832
455,1.070471,76.764499,15.913608,0.271155,-2.374832
456,0.535358,25.531090,15.803011,0.359468,-4.380607
457,0.527446,19.099659,47.002825,0.397120,-5.709445
458,1.045004,75.016675,16.136459,0.274056,-2.375092
459,0.535043,38.714440,45.358178,0.364750,-2.396622
460,0.551775,19.080164,49.520474,0.349462,-5.960930
461,0.821739,32.690494,48.706003,0.349462,-5.960930
462,0.532862,25.559299,8.979782,0.349462,-5.960930
463,0.815778,25.559299,7.800799,0.212202,-2.724081
464,0.532862,38.714440,45.358178,0.349462,-5.960930
465,1.070471,25.559299,15.803011,0.316992,-3.983007
466,0.814375,25.521336,47.882324,0.260304,-3.660963
467,0.551775,19.080164,52.509643,0.368219,-4.383492
468,0.553390,25.559299,7.800799,0.358872,-4.381985
469,0.534954,19.099659,47.002825,0.375248,-5.960930
470,1.045004,76.757299,48.706003,0.271155,-2.374832
471,0.795226,21.643378,43.057655,0.272843,-2.514012
472,1.067243,32.690494,48.391060,0.271155,-2.374832
473,0.821739,32.715481,48.706003,0.328462,-2.758951
474,1.045004,76.702596,48.706003,0.271155,-2.374832
475,1.070471,76.764499,15.913608,0.271155,-2.374832
476,0.535358,25.531090,15.803011,0.359468,-4.380607
477,0.527446,19.099659,47.002825,0.397120,-5.709445
478,1.045004,75.016675,16.136459,0.274056,-2.375092
479,0.535043,38.714440,45.358178,0.364750,-2.396622
480,0.551775,19.080164,49.520474,0.349462,-5.960930
481,0.821739,32.690494,48.706003,0.349462,-5.960930
482,0.532862,25.559299,8.979782,0.349462,-5.960930
483,0.815778,25.559299,7.800799,0.212202,-2.724081
484,0.532862,38.714440,45.358178,0.349462,-5.960930
485,1.070471,25.559299,15.803011,0.316992,-3.983007
486,0.814375,25.521336,47.882324,0.260304,-3.660963
487,0.551775,19.080164,52.509643,0.368219,-4.383492
488,0.553390,25.559299,7.800799,0.358872,-4.381985
489,0.534954,19.099659,47.002825,0.375248,-5.960930
490,1.045004,76.757299,48.706003,0.271155,-2.374832
491,0.795226,21.643378,43.057655,0.272843,-2.514012
492,1.067243,32.690494,48.391060,0.271155,-2.374832
493,0.821739,32.715481,48.706003,0.328462,-2.758951
494,1.045004,76.702596,48.706003,0.271155,-2.374832
495,1.070471,76.764499,15.913608,0.271155,-2.374832
496,0.535358,25.531090,15.803011,0.359468,-4.380607
497,0.527446,19.099659,47.002825,0.397120,-5.709445
498,1.045004,75.016675,16.136459,0.274056,-2.375092
499,0.795226,20.234455,43.057655,0.290932,-2.372892
500,0.551775,19.080164,49.520474,0.349462,-5.960930
501,0.821739,32.690494,48.706003,0.349462,-5.960930
502,0.532862,25.559299,8.979782,0.349462,-5.960930
503,0.815778,25.559299,7.800799,0.212202,-2.724081
504,0.532862,38.714440,45.358178,0.349462,-5.960930
505,1.070471,25.559299,15.803011,0.316992,-3.983007
506,0.814375,25.521336,47.882324,0.260304,-3.660963
507,0.551775,19.080164,52.509643,0.368219,-4.383492
508,0.553390,25.559299,7.800799,0.358872,-4.381985
509,0.534954,19.099659,47.002825,0.375248,-5.960930
510,1.045004,76.757299,48.706003,0.271155,-2.374832
511,0.795226,21.643378,43.057655,0.272843,-2.514012
512,1.067243,32.690494,48.391060,0.271155,-2.374832
513,0.821739,32.715481,48.706003,0.328462,-2.758951
514,1.045004,76.702596,48.706003,0.271155,-2.374832
515,1.070471,76.764499,15.913608,0.271155,-2.374832
516,0.535358,25.531090,15.803011,0.359468,-4.380607
517,0.527446,19.099659,47.002825,0.397120,-5.709445
518,1.045004,75.016675,16.136459,0.274056,-2.375092
519,0.533628,25.969765,7.800799,0.390423,-3.833180
520,0.551775,19.080164,49.520474,0.349462,-5.960930
521,0.821739,32.690494,48.706003,0.349462,-5.960930
522,0.532862,25.559299,8.979782,0.349462,-5.960930
523,0.532862,38.714440,45.358178,0.349462,-5.960930
524,1.070471,25.559299,15.803011,0.316992,-3.983007
525,0.814375,25.521336,47.882324,0.260304,-3.660963
526,1.045004,75.016675,7.725960,0.179118,-2.768075
527,0.551775,19.080164,52.509643,0.368219,-4.383492
528,0.553390,25.559299,7.800799,0.358872,-4.381985
529,0.534954,19.099659,47.002825,0.375248,-5.960930
530,0.815778,25.559299,7.800799,0.212202,-2.724081
531,0.821739,32.715481,48.706003,0.328462,-2.758951
532,0.535358,25.531090,15.803011,0.359468,-4.380607
533,0.527446,19.099659,47.002825,0.397120,-5.709445
534,1.045004,76.757299,48.706003,0.271155,-2.374832
535,0.795226,21.643378,43.057655,0.272843,-2.514012
536,1.067243,32.690494,48.391060,0.271155,-2.374832
537,1.045004,76.702596,48.706003,0.271155,-2.374832
538,1.070471,76.764499,15.913608,0.271155,-2.374832
539,1.045004,75.016675,16.136459,0.274056,-2.375092
540,0.551775,19.080164,49.520474,0.349462,-5.960930
541,0.821739,32.690494,48.706003,0.349462,-5.960930
542,0.532862,25.559299,8.979782,0.349462,-5.960930
543,0.532862,38.714440,45.358178,0.349462,-5.960930
544,1.070471,25.559299,15.803011,0.316992,-3.983007
545,0.814375,25.521336,47.882324,0.260304,-3.660963
546,1.045004,75.016675,7.725960,0.179118,-2.768075
547,0.551775,19.080164,52.509643,0.368219,-4.383492
548,0.553390,25.559299,7.800799,0.358872,-4.381985
549,0.534954,19.099659,47.002825,0.375248,-5.960930
550,0.815778,25.559299,7.800799,0.212202,-2.724081
551,0.821739,32.715481,48.706003,0.328462,-2.758951
552,0.535358,25.531090,15.803011,0.359468,-4.380607
553,0.527446,19.099659,47.002825,0.397120,-5.709445
554,1.045004,76.757299,48.706003,0.271155,-2.374832
555,0.795226,21.643378,43.057655,0.272843,-2.514012
556,1.067243,32.690494,48.391060,0.271155,-2.374832
557,1.045004,76.702596,48.706003,0.271155,-2.374832
558,1.070471,76.764499,15.913608,0.271155,-2.374832
559,1.045004,75.016675,16.136459,0.274056,-2.375092
560,0.814375,25.521336,47.882324,0.260304,-3.660963
561,1.045004,75.016675,7.725960,0.179118,-2.768075
562,0.821739,33.783824,48.706003,0.272687,-5.960930
563,0.815778,25.559299,7.800799,0.212202,-2.724081
564,0.551775,19.080164,49.520474,0.349462,-5.960930
565,0.821739,32.690494,48.706003,0.349462,-5.960930
566,0.532862,25.559299,8.979782,0.349462,-5.960930
567,0.532862,38.714440,45.358178,0.349462,-5.960930
568,1.070471,25.559299,15.803011,0.316992,-3.983007
569,1.045004,76.757299,48.706003,0.271155,-2.374832
570,0.795226,21.643378,43.057655,0.272843,-2.514012
571,1.067243,32.690494,48.391060,0.271155,-2.374832
572,1.045004,76.702596,48.706003,0.271155,-2.374832
573,1.070471,76.764499,15.913608,0.271155,-2.374832
574,0.551775,19.080164,52.509643,0.368219,-4.383492
575,0.553390,25.559299,7.800799,0.358872,-4.381985
576,0.534954,19.099659,47.002825,0.375248,-5.960930
577,0.821739,32.715481,48.706003,0.328462,-2.758951
578,0.527446,19.099659,47.002825,0.397120,-5.709445
579,1.045004,75.016675,16.136459,0.274056,-2.375092
580,0.814375,25.521336,47.882324,0.260304,-3.660963
581,1.045004,75.016675,7.725960,0.179118,-2.768075
582,0.821739,33.783824,48.706003,0.272687,-5.960930
583,0.815778,25.559299,7.800799,0.212202,-2.724081
584,0.551775,19.080164,49.520474,0.349462,-5.960930
585,0.821739,32.690494,48.706003,0.349462,-5.960930
586,0.532862,25.559299,8.979782,0.349462,-5.960930
587,0.532862,38.714440,45.358178,0.349462,-5.960930
588,1.070471,25.559299,15.803011,0.316992,-3.983007
589,1.045004,76.757299,48.706003,0.271155,-2.374832
590,0.795226,21.643378,43.057655,0.272843,-2.514012
591,1.067243,32.690494,48.391060,0.271155,-2.374832
592,1.045004,76.702596,48.706003,0.271155,-2.374832
593,1.070471,76.764499,15.913608,0.271155,-2.374832
594,0.551775,19.080164,52.509643,0.368219,-4.383492
595,0.553390,25.559299,7.800799,0.358872,-4.381985
596,0.534954,19.099659,47.002825,0.375248,-5.960930
597,0.821739,32.715481,48.706003,0.328462,-2.758951
598,1.045004,75.016675,16.136459,0.274056,-2.375092
599,0.527446,19.099659,47.002825,0.397120,-5.709445
600,0.814375,25.521336,47.882324,0.260304,-3.660963
601,1.045004,75.016675,7.725960,0.179118,-2.768075
602,0.821739,33.783824,48.706003,0.272687,-5.960930
603,0.815778,25.559299,7.800799,0.212202,-2.724081
604,0.815778,25.514683,7.726625,0.275257,-5.960930
605,1.045004,76.757299,48.706003,0.271155,-2.374832
606,0.795226,21.643378,43.057655,0.272843,-2.514012
607,1.067243,32.690494,48.391060,0.271155,-2.374832
608,1.045004,76.702596,48.706003,0.271155,-2.374832
609,1.070471,76.764499,15.913608,0.271155,-2.374832
610,0.551775,19.080164,49.520474,0.349462,-5.960930
611,0.821739,32.690494,48.706003,0.349462,-5.960930
612,0.532862,25.559299,8.979782,0.349462,-5.960930
613,0.532862,38.714440,45.358178,0.349462,-5.960930
614,1.070471,25.559299,15.803011,0.316992,-3.983007
615,0.549380,19.266617,47.002825,0.343303,-4.404085
616,1.045004,75.016675,16.136459,0.274056,-2.375092
617,0.534954,19.099659,47.002825,0.375248,-5.960930
618,0.821739,32.715481,48.706003,0.328462,-2.758951
619,0.553390,25.559299,7.800799,0.358872,-4.381985
620,0.814375,25.521336,47.882324,0.260304,-3.660963
621,1.045004,75.016675,7.725960,0.179118,-2.768075
622,0.821739,33.783824,48.706003,0.272687,-5.960930
623,0.815778,25.559299,7.800799,0.212202,-2.724081
624,0.815778,25.514683,7.726625,0.275257,-5.960930
625,1.045004,76.757299,48.706003,0.271155,-2.374832
626,0.795226,21.643378,43.057655,0.272843,-2.514012
627,1.067243,32.690494,48.391060,0.271155,-2.374832
628,1.045004,76.702596,48.706003,0.271155,-2.374832
629,1.070471,76.764499,15.913608,0.271155,-2.374832
630,0.551775,19.080164,49.520474,0.349462,-5.960930
631,0.821739,32.690494,48.706003,0.349462,-5.960930
632,0.532862,25.559299,8.979782,0.349462,-5.960930
633,0.532862,38.714440,45.358178,0.349462,-5.960930
634,1.070471,25.559299,15.803011,0.316992,-3.983007
635,0.549380,19.266617,47.002825,0.343303,-4.404085
636,1.045004,75.016675,16.136459,0.274056,-2.375092
637,0.534954,19.099659,47.002825,0.375248,-5.960930
638,0.821739,32.715481,48.706003,0.328462,-2.758951
639,0.553390,25.559299,7.800799,0.358872,-4.381985
640,0.814375,25.521336,47.882324,0.260304,-3.660963
641,1.045004,75.016675,7.725960,0.179118,-2.768075
642,0.821739,33.783824,48.706003,0.272687,-5.960930
643,0.815778,25.559299,7.800799,0.212202,-2.724081
644,0.815778,25.514683,7.726625,0.275257,-5.960930
645,1.045004,76.757299,48.706003,0.271155,-2.374832
646,0.795226,21.643378,43.057655,0.272843,-2.514012
647,1.067243,32.690494,48.391060,0.271155,-2.374832
648,1.045004,76.702596,48.706003,0.271155,-2.374832
649,1.070471,76.764499,15.913608,0.271155,-2.374832
650,0.551775,19.080164,49.520474,0.349462,-5.960930
651,0.821739,32.690494,48.706003,0.349462,-5.960930
652,0.532862,25.559299,8.979782,0.349462,-5.960930
653,0.532862,38.714440,45.358178,0.349462,-5.960930
654,1.070471,25.559299,15.803011,0.316992,-3.983007
655,0.549380,19.266617,47.002825,0.343303,-4.404085
656,1.045004,75.016675,16.136459,0.274056,-2.375092
657,0.534954,19.099659,47.002825,0.375248,-5.960930
658,0.821739,32.715481,48.706003,0.328462,-2.758951
659,0.553390,25.559299,7.800799,0.358872,-4.381985
660,0.814375,25.521336,47.882324,0.260304,-3.660963
661,1.045004,75.016675,7.725960,0.179118,-2.768075
662,0.821739,33.783824,48.706003,0.272687,-5.960930
663,0.815778,25.559299,7.800799,0.212202,-2.724081
664,0.815778,25.514683,7.726625,0.275257,-5.960930
665,1.045004,76.757299,48.706003,0.271155,-2.374832
666,0.795226,21.643378,43.057655,0.272843,-2.514012
667,1.067243,32.690494,48.391060,0.271155,-2.374832
668,1.045004,76.702596,48.706003,0.271155,-2.374832
669,1.070471,76.764499,15.913608,0.271155,-2.374832
670,0.551775,19.080164,49.520474,0.349462,-5.960930
671,0.821739,32.690494,48.706003,0.349462,-5.960930
672,0.532862,25.559299,8.979782,0.349462,-5.960930
673,0.532862,38.714440,45.358178,0.349462,-5.960930
674,1.070471,25.559299,15.803011,0.316992,-3.983007
675,0.549380,19.266617,47.002825,0.343303,-4.404085
676,1.045004,75.016675,16.136459,0.274056,-2.375092
677,0.534954,19.099659,47.002825,0.375248,-5.960930
678,0.821739,32.715481,48.706003,0.328462,-2.758951
679,0.553390,25.559299,7.800799,0.358872,-4.381985
680,0.814375,25.521336,47.882324,0.260304,-3.660963
681,1.045004,75.016675,7.725960,0.179118,-2.768075
682,0.821739,33.783824,48.706003,0.272687,-5.960930
683,0.815778,25.559299,7.800799,0.212202,-2.724081
684,0.815778,25.514683,7.726625,0.275257,-5.960930
685,1.045004,76.757299,48.706003,0.271155,-2.374832
686,0.795226,21.643378,43.057655,0.272843,-2.514012
687,1.067243,32.690494,48.391060,0.271155,-2.374832
688,1.045004,76.702596,48.706003,0.271155,-2.374832
689,1.070471,76.764499,15.913608,0.271155,-2.374832
690,0.551775,19.080164,49.520474,0.349462,-5.960930
691,0.821739,32.690494,48.706003,0.349462,-5.960930
692,0.532862,25.559299,8.979782,0.349462,-5.960930
693,0.532862,38.714440,45.358178,0.349462,-5.960930
694,1.070471,25.559299,15.803011,0.316992,-3.983007
695,0.549380,19.266617,47.002825,0.343303,-4.404085
696,1.045004,75.016675,16.136459,0.274056,-2.375092
697,0.534954,19.099659,47.002825,0.375248,-5.960930
698,0.821739,32.715481,48.706003,0.328462,-2.758951
699,0.553390,25.559299,7.800799,0.358872,-4.381985
700,0.814375,25.521336,47.882324,0.260304,-3.660963
701,1.045004,75.016675,7.725960,0.179118,-2.768075
702,0.821739,33.783824,48.706003,0.272687,-5.960930
703,0.815778,25.559299,7.800799,0.212202,-2.724081
704,0.815778,25.514683,7.726625,0.275257,-5.960930
705,1.045004,76.757299,48.706003,0.271155,-2.374832
706,0.795226,21.643378,43.057655,0.272843,-2.514012
707,1.067243,32.690494,48.391060,0.271155,-2.374832
708,1.045004,76.702596,48.706003,0.271155,-2.374832
709,1.070471,76.764499,15.913608,0.271155,-2.374832
710,0.551775,19.080164,49.520474,0.349462,-5.960930
711,0.821739,32.690494,48.706003,0.349462,-5.960930
712,0.532862,25.559299,8.979782,0.349462,-5.960930
713,0.532862,38.714440,45.358178,0.349462,-5.960930
714,1.070471,25.559299,15.803011,0.316992,-3.983007
715,0.549380,19.266617,47.002825,0.343303,-4.404085
716,1.045004,75.016675,16.136459,0.274056,-2.375092
717,0.534954,19.099659,47.002825,0.375248,-5.960930
718,0.821739,32.715481,48.706003,0.328462,-2.758951
719,0.553390,25.559299,7.800799,0.358872,-4.381985
720,0.814375,25.521336,47.882324,0.260304,-3.660963
721,1.045004,75.016675,7.725960,0.179118,-2.768075
722,0.821739,33.783824,48.706003,0.272687,-5.960930
723,0.815778,25.559299,7.800799,0.212202,-2.724081
724,0.815778,25.514683,7.726625,0.275257,-5.960930
725,1.045004,76.757299,48.706003,0.271155,-2.374832
726,0.795226,21.643378,43.057655,0.272843,-2.514012
727,1.067243,32.690494,48.391060,0.271155,-2.374832
728,1.045004,76.702596,48.706003,0.271155,-2.374832
729,1.070471,76.764499,15.913608,0.271155,-2.374832
730,0.814375,32.814031,48.388725,0.271155,-2.374832
731,0.551775,19.080164,49.520474,0.349462,-5.960930
732,0.821739,32.690494,48.706003,0.349462,-5.960930
733,0.532862,25.559299,8.979782,0.349462,-5.960930
734,0.532862,38.714440,45.358178,0.349462,-5.960930
735,1.070471,25.559299,15.803011,0.316992,-3.983007
736,0.549380,19.266617,47.002825,0.343303,-4.404085
737,0.534954,19.099659,47.002825,0.375248,-5.960930
738,1.045004,75.016675,16.136459,0.274056,-2.375092
739,0.821739,32.715481,48.706003,0.328462,-2.758951
740,0.814375,25.521336,47.882324,0.260304,-3.660963
741,1.045004,75.016675,7.725960,0.179118,-2.768075
742,0.821739,33.783824,48.706003,0.272687,-5.960930
743,0.815778,25.559299,7.800799,0.212202,-2.724081
744,0.815778,25.514683,7.726625,0.275257,-5.960930
745,1.045004,76.757299,48.706003,0.271155,-2.374832
746,0.795226,21.643378,43.057655,0.272843,-2.514012
747,1.067243,32.690494,48.391060,0.271155,-2.374832
748,1.045004,76.702596,48.706003,0.271155,-2.374832
749,1.070471,76.764499,15.913608,0.271155,-2.374832
750,0.814375,32.814031,48.388725,0.271155,-2.374832
751,0.821739,32.715481,48.695380,0.271155,-2.374832
752,0.551775,19.080164,49.520474,0.349462,-5.960930
753,0.821739,32.690494,48.706003,0.349462,-5.960930
754,0.532862,25.559299,8.979782,0.349462,-5.960930
755,0.532862,38.714440,45.358178,0.349462,-5.960930
756,1.070471,25.559299,15.803011,0.316992,-3.983007
757,0.549380,19.266617,47.002825,0.343303,-4.404085
758,0.534954,19.099659,47.002825,0.375248,-5.960930
759,1.045004,75.016675,16.136459,0.274056,-2.375092
760,0.814375,25.521336,47.882324,0.260304,-3.660963
761,1.045004,75.016675,7.725960,0.179118,-2.768075
762,0.821739,33.783824,48.706003,0.272687,-5.960930
763,0.815778,25.559299,7.800799,0.212202,-2.724081
764,0.815778,25.514683,7.726625,0.275257,-5.960930
765,1.045004,76.757299,48.706003,0.271155,-2.374832
766,0.795226,21.643378,43.057655,0.272843,-2.514012
767,1.067243,32.690494,48.391060,0.271155,-2.374832
768,1.045004,76.702596,48.706003,0.271155,-2.374832
769,1.070471,76.764499,15.913608,0.271155,-2.374832
770,0.814375,32.814031,48.388725,0.271155,-2.374832
771,0.821739,32.715481,48.695380,0.271155,-2.374832
772,0.551775,19.080164,49.520474,0.349462,-5.960930
773,0.821739,32.690494,48.706003,0.349462,-5.960930
774,0.532862,25.559299,8.979782,0.349462,-5.960930
775,0.532862,38.714440,45.358178,0.349462,-5.960930
776,1.070471,25.559299,15.803011,0.316992,-3.983007
777,0.549380,19.266617,47.002825,0.343303,-4.404085
778,0.534954,19.099659,47.002825,0.375248,-5.960930
779,1.045004,75.016675,16.136459,0.274056,-2.375092
780,0.814375,25.521336,47.882324,0.260304,-3.660963
781,1.045004,75.016675,7.725960,0.179118,-2.768075
782,0.821739,33.783824,48.706003,0.272687,-5.960930
783,0.539994,25.557469,7.744191,0.211426,-2.771265
784,0.815778,25.514683,7.726625,0.275257,-5.960930
785,0.815778,25.559299,7.800799,0.212202,-2.724081
786,0.551775,19.080164,49.520474,0.349462,-5.960930
787,0.821739,32.690494,48.706003,0.349462,-5.960930
788,0.532862,25.559299,8.979782,0.349462,-5.960930
789,0.532862,38.714440,45.358178,0.349462,-5.960930
790,1.070471,25.559299,15.803011,0.316992,-3.983007
791,0.549380,19.266617,47.002825,0.343303,-4.404085
792,0.795226,21.643378,43.057655,0.272843,-2.514012
793,1.044732,76.757299,48.706003,0.270759,-2.374872
794,1.045004,76.757299,48.706003,0.271155,-2.374832
795,0.534954,19.099659,47.002825,0.375248,-5.960930
796,0.808686,25.516514,8.962216,0.364750,-2.396622
797,1.045004,75.016675,16.136459,0.274056,-2.375092
798,0.821739,32.715481,48.695380,0.271155,-2.374832
799,0.814375,32.814031,48.388725,0.271155,-2.374832
800,0.814375,25.521336,47.882324,0.260304,-3.660963
801,1.045004,75.016675,7.725960,0.179118,-2.768075
802,0.821739,33.783824,48.706003,0.272687,-5.960930
803,0.539994,25.557469,7.744191,0.211426,-2.771265
804,0.815778,25.514683,7.726625,0.275257,-5.960930
805,0.815778,25.559299,7.800799,0.212202,-2.724081
806,0.551775,19.080164,49.520474,0.349462,-5.960930
807,0.821739,32.690494,48.706003,0.349462,-5.960930
808,0.532862,25.559299,8.979782,0.349462,-5.960930
809,0.532862,38.714440,45.358178,0.349462,-5.960930
810,1.070471,25.559299,15.803011,0.316992,-3.983007
811,0.549380,19.266617,47.002825,0.343303,-4.404085
812,0.795226,21.643378,43.057655,0.272843,-2.514012
813,1.044732,76.757299,48.706003,0.270759,-2.374872
814,1.045004,76.757299,48.706003,0.271155,-2.374832
815,0.534954,19.099659,47.002825,0.375248,-5.960930
816,0.808686,25.516514,8.962216,0.364750,-2.396622
817,1.045004,75.016675,16.136459,0.274056,-2.375092
818,0.554151,19.266617,47.040567,0.362870,-2.396455
819,0.814375,32.814031,48.388725,0.271155,-2.374832
820,0.814375,25.521336,47.882324,0.260304,-3.660963
821,1.045004,75.016675,7.725960,0.179118,-2.768075
822,0.821739,33.783824,48.706003,0.272687,-5.960930
823,0.539994,25.557469,7.744191,0.211426,-2.771265
824,0.815778,25.514683,7.726625,0.275257,-5.960930
825,0.815778,25.559299,7.800799,0.212202,-2.724081
826,0.551775,19.080164,49.520474,0.349462,-5.960930
827,0.821739,32.690494,48.706003,0.349462,-5.960930
828,0.532862,25.559299,8.979782,0.349462,-5.960930
829,0.532862,38.714440,45.358178,0.349462,-5.960930
830,1.070471,25.559299,15.803011,0.316992,-3.983007
831,0.549380,19.266617,47.002825,0.343303,-4.404085
832,0.795226,21.643378,43.057655,0.272843,-2.514012
833,1.044732,76.757299,48.706003,0.270759,-2.374872
834,0.534954,19.099659,47.002825,0.375248,-5.960930
835,1.045004,76.757299,48.706003,0.271155,-2.374832
836,0.808686,25.516514,8.962216,0.364750,-2.396622
837,1.045004,75.016675,16.136459,0.274056,-2.375092
838,0.554151,19.266617,47.040567,0.362870,-2.396455
839,0.815778,18.791325,7.800799,0.271155,-2.374832
840,0.814375,25.521336,47.882324,0.260304,-3.660963
841,1.045004,75.016675,7.725960,0.179118,-2.768075
842,0.821739,33.783824,48.706003,0.272687,-5.960930
843,0.539994,25.557469,7.744191,0.211426,-2.771265
844,0.815778,25.514683,7.726625,0.275257,-5.960930
845,0.815778,25.559299,7.800799,0.212202,-2.724081
846,0.551775,19.080164,49.520474,0.349462,-5.960930
847,0.821739,32.690494,48.706003,0.349462,-5.960930
848,0.532862,25.559299,8.979782,0.349462,-5.960930
849,0.532862,38.714440,45.358178,0.349462,-5.960930
850,1.070471,25.559299,15.803011,0.316992,-3.983007
851,0.549380,19.266617,47.002825,0.343303,-4.404085
852,0.795226,21.643378,43.057655,0.272843,-2.514012
853,1.044732,76.757299,48.706003,0.270759,-2.374872
854,0.534954,19.099659,47.002825,0.375248,-5.960930
855,1.045004,76.757299,48.706003,0.271155,-2.374832
856,0.808686,25.516514,8.962216,0.364750,-2.396622
857,1.045004,75.016675,16.136459,0.274056,-2.375092
858,0.554151,19.266617,47.040567,0.362870,-2.396455
859,0.814375,25.521336,49.549421,0.363862,-2.396543
860,0.814375,25.521336,47.882324,0.260304,-3.660963
861,0.821739,33.783824,48.706003,0.272687,-5.960930
862,0.555306,25.559299,8.020245,0.104902,-2.775732
863,0.815778,25.514683,7.726625,0.275257,-5.960930
864,1.045004,75.016675,7.725960,0.179118,-2.768075
865,0.539994,25.557469,7.744191,0.211426,-2.771265
866,0.551775,19.080164,49.520474,0.349462,-5.960930
867,0.821739,32.690494,48.706003,0.349462,-5.960930
868,0.532862,25.559299,8.979782,0.349462,-5.960930
869,0.532862,38.714440,45.358178,0.349462,-5.960930
870,1.070471,25.559299,15.803011,0.316992,-3.983007
871,0.549380,19.266617,47.002825,0.343303,-4.404085
872,0.815778,25.559299,7.800799,0.212202,-2.724081
873,0.815778,11.205069,8.981032,0.353000,-5.960930
874,0.795226,21.643378,43.057655,0.272843,-2.514012
875,1.044732,76.757299,48.706003,0.270759,-2.374872
876,0.918747,25.515157,49.682264,0.270759,-2.374872
877,0.534954,19.099659,47.002825,0.375248,-5.960930
878,1.045004,76.757299,48.706003,0.271155,-2.374832
879,0.808686,25.516514,8.962216,0.364750,-2.396622
880,0.814375,25.521336,47.882324,0.260304,-3.660963
881,0.821739,33.783824,48.706003,0.272687,-5.960930
882,0.555306,25.559299,8.020245,0.104902,-2.775732
883,0.815778,25.514683,7.726625,0.275257,-5.960930
884,1.045004,75.016675,7.725960,0.179118,-2.768075
885,0.539994,25.557469,7.744191,0.211426,-2.771265
886,0.551775,19.080164,49.520474,0.349462,-5.960930
887,0.821739,32.690494,48.706003,0.349462,-5.960930
888,0.532862,25.559299,8.979782,0.349462,-5.960930
889,0.532862,38.714440,45.358178,0.349462,-5.960930
890,1.070471,25.559299,15.803011,0.316992,-3.983007
891,0.549380,19.266617,47.002825,0.343303,-4.404085
892,0.815778,25.559299,7.800799,0.212202,-2.724081
893,0.815778,11.205069,8.981032,0.353000,-5.960930
894,0.795226,21.643378,43.057655,0.272843,-2.514012
895,1.044732,76.757299,48.706003,0.270759,-2.374872
896,0.918747,25.515157,49.682264,0.270759,-2.374872
897,1.045004,76.757299,48.706003,0.271155,-2.374832
898,0.534954,19.099659,47.002825,0.375248,-5.960930
899,0.808686,25.516514,8.962216,0.364750,-2.396622
900,0.814375,25.521336,47.882324,0.260304,-3.660963
901,0.821739,33.783824,48.706003,0.272687,-5.960930
902,0.555306,25.559299,8.020245,0.104902,-2.775732
903,0.815778,25.514683,7.726625,0.275257,-5.960930
904,1.045004,75.016675,7.725960,0.179118,-2.768075
905,0.539994,25.557469,7.744191,0.211426,-2.771265
906,0.551775,19.080164,49.520474,0.349462,-5.960930
907,0.821739,32.690494,48.706003,0.349462,-5.960930
908,0.532862,25.559299,8.979782,0.349462,-5.960930
909,0.532862,38.714440,45.358178,0.349462,-5.960930
910,1.070471,25.559299,15.803011,0.316992,-3.983007
911,0.549380,19.266617,47.002825,0.343303,-4.404085
912,0.815778,25.559299,7.800799,0.212202,-2.724081
913,0.815778,11.205069,8.981032,0.353000,-5.960930
914,0.795226,21.643378,43.057655,0.272843,-2.514012
915,1.044732,76.757299,48.706003,0.270759,-2.374872
916,0.918747,25.515157,49.682264,0.270759,-2.374872
917,0.894426,75.016675,7.725960,0.270759,-2.374872
918,0.534954,19.099659,47.002825,0.375248,-5.960930
919,1.045004,76.757299,48.706003,0.271155,-2.374832
920,0.814375,25.521336,47.882324,0.260304,-3.660963
921,0.821739,33.783824,48.706003,0.272687,-5.960930
922,0.555306,25.559299,8.020245,0.104902,-2.775732
923,0.815778,25.514683,7.726625,0.275257,-5.960930
924,1.045004,75.016675,7.725960,0.179118,-2.768075
925,0.539994,25.557469,7.744191,0.211426,-2.771265
926,0.810100,25.629117,8.159092,0.292088,-5.960930
927,0.815778,25.559299,7.800799,0.212202,-2.724081
928,0.551775,19.080164,49.520474,0.349462,-5.960930
929,0.821739,32.690494,48.706003,0.349462,-5.960930
930,0.532862,25.559299,8.979782,0.349462,-5.960930
931,0.532862,38.714440,45.358178,0.349462,-5.960930
932,1.070471,25.559299,15.803011,0.316992,-3.983007
933,0.549380,19.266617,47.002825,0.343303,-4.404085
934,0.795226,21.643378,43.057655,0.272843,-2.514012
935,1.044732,76.757299,48.706003,0.270759,-2.374872
936,0.918747,25.515157,49.682264,0.270759,-2.374872
937,0.894426,75.016675,7.725960,0.270759,-2.374872
938,0.815778,11.205069,8.981032,0.353000,-5.960930
939,1.045004,76.757299,48.706003,0.271155,-2.374832
940,0.814375,25.521336,47.882324,0.260304,-3.660963
941,0.821739,33.783824,48.706003,0.272687,-5.960930
942,0.555306,25.559299,8.020245,0.104902,-2.775732
943,0.815778,25.514683,7.726625,0.275257,-5.960930
944,1.045004,75.016675,7.725960,0.179118,-2.768075
945,0.539994,25.557469,7.744191,0.211426,-2.771265
946,0.810100,25.629117,8.159092,0.292088,-5.960930
947,0.815778,25.559299,7.800799,0.212202,-2.724081
948,0.551775,19.080164,49.520474,0.349462,-5.960930
949,0.821739,32.690494,48.706003,0.349462,-5.960930
950,0.532862,25.559299,8.979782,0.349462,-5.960930
951,0.532862,38.714440,45.358178,0.349462,-5.960930
952,1.070471,25.559299,15.803011,0.316992,-3.983007
953,0.549380,19.266617,47.002825,0.343303,-4.404085
954,0.795226,21.643378,43.057655,0.272843,-2.514012
955,1.044732,76.757299,48.706003,0.270759,-2.374872
956,0.918747,25.515157,49.682264,0.270759,-2.374872
957,0.894426,75.016675,7.725960,0.270759,-2.374872
958,0.822388,19.080164,49.548784,0.270759,-2.374872
959,1.045004,76.757299,48.706003,0.271155,-2.374832
960,0.814375,25.521336,47.882324,0.260304,-3.660963
961,0.821739,33.783824,48.706003,0.272687,-5.960930
962,0.555306,25.559299,8.020245,0.104902,-2.775732
963,0.815778,25.514683,7.726625,0.275257,-5.960930
964,1.045004,75.016675,7.725960,0.179118,-2.768075
965,0.539994,25.557469,7.744191,0.211426,-2.771265
966,0.810100,25.629117,8.159092,0.292088,-5.960930
967,0.815778,25.559299,7.800799,0.212202,-2.724081
968,0.551775,19.080164,49.520474,0.349462,-5.960930
969,0.821739,32.690494,48.706003,0.349462,-5.960930
970,0.532862,25.559299,8.979782,0.349462,-5.960930
971,0.532862,38.714440,45.358178,0.349462,-5.960930
972,1.070471,25.559299,15.803011,0.316992,-3.983007
973,0.549380,19.266617,47.002825,0.343303,-4.404085
974,0.795226,21.643378,43.057655,0.272843,-2.514012
975,1.044732,76.757299,48.706003,0.270759,-2.374872
976,0.918747,25.515157,49.682264,0.270759,-2.374872
977,0.894426,75.016675,7.725960,0.270759,-2.374872
978,0.822388,19.080164,49.548784,0.270759,-2.374872
979,1.045004,76.757299,48.706003,0.271155,-2.374832
980,0.814375,25.521336,47.882324,0.260304,-3.660963
981,0.821739,33.783824,48.706003,0.272687,-5.960930
982,0.555306,25.559299,8.020245,0.104902,-2.775732
983,0.815778,25.514683,7.726625,0.275257,-5.960930
984,1.045004,75.016675,7.725960,0.179118,-2.768075
985,0.539994,25.557469,7.744191,0.211426,-2.771265
986,0.810100,25.629117,8.159092,0.292088,-5.960930
987,0.815778,25.559299,7.800799,0.212202,-2.724081
988,1.070471,25.559299,15.803011,0.316992,-3.983007
989,0.533346,19.080164,49.520474,0.320089,-5.960930
990,0.795226,21.643378,43.057655,0.272843,-2.514012
991,1.044732,76.757299,48.706003,0.270759,-2.374872
992,0.918747,25.515157,49.682264,0.270759,-2.374872
993,0.894426,75.016675,7.725960,0.270759,-2.374872
994,0.822388,19.080164,49.548784,0.270759,-2.374872
995,1.045004,76.757299,48.706003,0.271155,-2.374832
996,0.551775,19.080164,49.520474,0.349462,-5.960930
997,0.549380,19.266617,47.002825,0.343303,-4.404085
998,0.532862,38.714440,45.358178,0.349462,-5.960930
999,0.532862,25.559299,8.979782,0.349462,-5.960930
1000,0.814375,25.521336,47.882324,0.260304,-3.660963
1001,0.821739,33.783824,48.706003,0.272687,-5.960930
1002,0.555306,25.559299,8.020245,0.104902,-2.775732
1003,0.815778,25.514683,7.726625,0.275257,-5.960930
1004,1.045004,75.016675,7.725960,0.179118,-2.768075
1005,0.539994,25.557469,7.744191,0.211426,-2.771265
1006,0.810100,25.629117,8.159092,0.292088,-5.960930
1007,0.815778,25.559299,7.800799,0.212202,-2.724081
1008,1.070471,25.559299,15.803011,0.316992,-3.983007
1009,0.533346,19.080164,49.520474,0.320089,-5.960930
1010,0.795226,21.643378,43.057655,0.272843,-2.514012
1011,1.044732,76.757299,48.706003,0.270759,-2.374872
1012,0.918747,25.515157,49.682264,0.270759,-2.374872
1013,0.894426,75.016675,7.725960,0.270759,-2.374872
1014,0.822388,19.080164,49.548784,0.270759,-2.374872
1015,0.551775,19.080164,49.520474,0.349462,-5.960930
1016,0.549380,19.266617,47.002825,0.343303,-4.404085
1017,0.532862,38.714440,45.358178,0.349462,-5.960930
1018,0.532862,25.559299,8.979782,0.349462,-5.960930
1019,1.045004,76.757299,48.706003,0.271155,-2.374832
1020,0.814375,25.521336,47.882324,0.260304,-3.660963
1021,0.821739,33.783824,48.706003,0.272687,-5.960930
1022,0.555306,25.559299,8.020245,0.104902,-2.775732
1023,0.815778,25.514683,7.726625,0.275257,-5.960930
1024,1.045004,75.016675,7.725960,0.179118,-2.768075
1025,0.539994,25.557469,7.744191,0.211426,-2.771265
1026,0.810100,25.629117,8.159092,0.292088,-5.960930
1027,0.815778,25.559299,7.800799,0.212202,-2.724081
1028,0.540701,25.557469,7.744191,0.313587,-5.960930
1029,0.795226,21.643378,43.057655,0.272843,-2.514012
1030,1.044732,76.757299,48.706003,0.270759,-2.374872
1031,0.918747,25.515157,49.682264,0.270759,-2.374872
1032,0.894426,75.016675,7.725960,0.270759,-2.374872
1033,0.822388,19.080164,49.548784,0.270759,-2.374872
1034,1.070471,25.559299,15.803011,0.316992,-3.983007
1035,0.533346,19.080164,49.520474,0.320089,-5.960930
1036,1.045004,76.757299,48.706003,0.271155,-2.374832
1037,0.551775,19.080164,49.520474,0.349462,-5.960930
1038,0.549380,19.266617,47.002825,0.343303,-4.404085
1039,0.532862,38.714440,45.358178,0.349462,-5.960930
