Index,orientation_ego,velocity_ego,orientation_ped,velocity_ped,Fitness_Min Adapted Distance,Fitness_Velocity At Min Adapted Distance,Critical
0,93.031367,2.421090,230.561961,2.582142,-0.727362,-2.421090,1
1,39.833228,2.703710,325.901366,2.541820,-0.689566,-2.703710,1
2,244.169894,2.361609,40.425776,2.838738,0.000000,0.000000,0
3,55.759057,1.552343,251.908334,2.036949,0.000000,0.000000,0
4,115.371402,1.820831,284.413861,2.414726,0.000000,0.000000,0
5,70.490361,2.513936,179.131009,1.364724,0.000000,0.000000,0
6,240.523231,2.628199,344.704809,2.974849,0.000000,0.000000,0
7,285.065600,2.285688,164.377452,2.357978,0.000000,0.000000,0
8,86.026529,1.539399,57.078429,1.527677,0.000000,0.000000,0
9,247.378748,1.806713,181.835777,1.406572,0.000000,0.000000,0
10,84.122712,2.295272,119.344150,2.758862,0.000000,0.000000,0
11,132.607413,1.773280,87.418893,1.602330,0.000000,0.000000,0
12,200.504193,1.724702,122.011055,2.871934,0.000000,0.000000,0
13,45.639913,2.110615,210.458494,2.115686,0.000000,0.000000,0
14,358.398888,2.154492,323.912829,1.158505,0.000000,0.000000,0
15,283.316498,1.991307,336.584253,1.634051,0.000000,0.000000,0
16,179.630493,2.772256,16.301332,1.372756,0.000000,0.000000,0
17,214.712338,1.628764,203.855643,2.247418,0.000000,0.000000,0
18,172.602844,1.030018,62.357046,2.842924,0.000000,0.000000,0
19,283.543793,1.032475,201.489815,1.100029,0.000000,0.000000,0
20,65.430552,2.247292,203.111362,1.641546,0.000000,0.000000,0
21,106.168675,1.040312,164.020980,2.486545,0.000000,0.000000,0
22,162.925314,2.960177,2.679199,2.356324,0.000000,0.000000,0
23,317.242354,1.330312,38.209511,1.834176,0.000000,0.000000,0
24,257.055518,2.217826,84.124634,2.098336,0.000000,0.000000,0
25,174.724046,1.563381,81.335215,1.820793,0.000000,0.000000,0
26,249.977335,1.168164,161.949616,1.779476,0.000000,0.000000,0
27,320.177642,1.756782,245.066324,2.852999,0.000000,0.000000,0
28,91.122173,1.775978,54.985744,2.201497,0.000000,0.000000,0
29,223.796243,1.539202,69.090417,2.690601,0.000000,0.000000,0
30,113.899633,1.966936,24.554934,2.418081,0.000000,0.000000,0
31,38.440089,1.042567,122.767959,1.185198,0.000000,0.000000,0
32,135.408689,1.994185,50.335450,2.002984,0.000000,0.000000,0
33,145.663783,1.446352,175.575563,1.201686,0.000000,0.000000,0
34,109.767085,2.685410,268.268665,1.232575,0.000000,0.000000,0
35,115.420327,2.657469,340.930791,2.720641,0.000000,0.000000,0
36,202.363922,1.831318,279.639152,2.334217,0.000000,0.000000,0
37,9.971477,1.909410,23.351851,1.180422,0.000000,0.000000,0
38,320.259830,1.081375,342.834264,1.732953,0.000000,0.000000,0
39,218.524326,2.990754,65.482086,1.718311,0.000000,0.000000,0
40,250.038086,2.287388,236.374143,1.498676,0.000000,0.000000,0
41,47.381011,1.388478,335.717406,1.175610,0.000000,0.000000,0
42,227.866509,1.588609,319.899646,2.134260,0.000000,0.000000,0
43,165.320225,1.060078,186.867377,1.976430,0.000000,0.000000,0
44,354.390409,2.808556,217.257541,2.683165,0.000000,0.000000,0
45,281.003322,1.592497,247.220193,2.723419,0.000000,0.000000,0
46,79.124083,1.290823,135.862877,1.949477,0.000000,0.000000,0
47,302.118467,1.827041,192.490034,1.202947,0.000000,0.000000,0
48,177.337015,2.951617,52.457890,1.293540,0.000000,0.000000,0
49,301.321743,2.260177,111.587903,1.245975,0.000000,0.000000,0
50,93.031367,2.421090,230.561961,2.582142,-0.727362,-2.421090,1
51,39.833228,2.703710,325.901366,2.541820,-0.689566,-2.703710,1
52,115.419557,2.588794,339.397641,2.722805,0.000000,0.000000,0
53,223.796243,1.539202,164.731650,2.690601,0.000000,0.000000,0
54,281.003322,1.592497,247.220193,2.723419,0.000000,0.000000,0
55,91.122173,2.602419,179.540833,1.398972,0.000000,0.000000,0
56,322.288835,2.687340,244.156787,1.252990,0.000000,0.000000,0
57,223.796243,1.539202,69.090417,2.690601,0.000000,0.000000,0
58,249.977335,1.168164,161.949616,1.779476,0.000000,0.000000,0
59,257.055518,1.064984,84.124634,2.098336,0.000000,0.000000,0
60,212.651512,2.356375,62.964506,2.876256,0.000000,0.000000,0
61,301.321743,2.260177,210.842040,2.130744,0.000000,0.000000,0
62,302.118467,1.827041,192.490034,1.202947,0.000000,0.000000,0
63,307.625083,1.756782,245.066324,2.857866,0.000000,0.000000,0
64,8.662303,2.706873,23.351851,2.530229,0.000000,0.000000,0
65,174.724046,1.563381,81.335215,1.820793,0.000000,0.000000,0
66,283.543793,1.032475,201.489815,1.100029,0.000000,0.000000,0
67,162.925314,2.960177,5.856576,2.335512,0.000000,0.000000,0
68,65.302897,2.247125,203.111362,1.641546,0.000000,0.000000,0
69,240.523231,2.628199,344.704809,2.974849,0.000000,0.000000,0
70,115.372173,1.889505,284.413861,2.412562,0.000000,0.000000,0
71,285.065600,2.285688,164.377452,2.357978,0.000000,0.000000,0
72,227.866509,1.588609,319.899646,2.134260,0.000000,0.000000,0
73,47.381011,1.388478,335.717406,1.175610,0.000000,0.000000,0
74,244.169894,2.361609,40.425776,2.838738,0.000000,0.000000,0
75,322.317860,2.808556,217.257541,2.683165,0.000000,0.000000,0
76,70.490361,2.513936,179.131009,1.364724,0.000000,0.000000,0
77,324.197407,1.432788,34.843543,1.834176,0.000000,0.000000,0
78,317.242354,1.330312,38.209511,1.834176,0.000000,0.000000,0
79,132.607413,1.773280,87.418893,1.602330,0.000000,0.000000,0
80,115.420327,2.657469,340.930791,2.720641,0.000000,0.000000,0
81,91.122173,1.775978,54.985744,2.201497,0.000000,0.000000,0
82,280.420437,2.772256,249.170148,2.715170,0.000000,0.000000,0
83,9.971477,1.909410,23.351851,1.180422,0.000000,0.000000,0
84,65.416591,2.685410,202.743473,1.222055,0.000000,0.000000,0
85,250.038086,2.287388,236.374143,1.631900,0.000000,0.000000,0
86,250.038086,2.287388,236.374143,1.498676,0.000000,0.000000,0
87,247.378748,1.806713,181.835777,1.406572,0.000000,0.000000,0
88,109.767085,2.685410,268.268665,1.232575,0.000000,0.000000,0
89,282.732868,1.958108,228.314461,2.557958,0.000000,0.000000,0
90,283.316498,1.991307,336.584253,1.634051,0.000000,0.000000,0
91,128.818107,1.040312,164.020980,2.486545,0.000000,0.000000,0
92,106.168675,1.040312,68.379748,2.486545,0.000000,0.000000,0
93,179.630493,2.772256,16.301332,1.372756,0.000000,0.000000,0
94,320.177642,1.756782,245.066324,2.852999,0.000000,0.000000,0
95,115.371402,1.820831,284.413861,2.414726,0.000000,0.000000,0
96,231.171805,1.588609,36.508609,2.134260,0.000000,0.000000,0
97,86.026529,1.539399,57.078429,1.527677,0.000000,0.000000,0
98,320.177642,1.756782,244.041910,2.873807,0.000000,0.000000,0
99,41.142491,1.906247,325.901366,1.192127,0.000000,0.000000,0
100,93.031367,2.421090,230.561961,2.582142,-0.727362,-2.421090,1
101,39.833228,2.703710,325.901366,2.541820,-0.689566,-2.703710,1
102,179.630493,2.772256,17.119380,1.368460,0.000000,0.000000,0
103,47.381011,1.425436,333.103568,1.179907,0.000000,0.000000,0
104,325.350047,2.699035,243.198601,1.352955,0.000000,0.000000,0
105,111.003594,1.889505,320.125803,2.412562,0.000000,0.000000,0
106,81.625375,1.775978,54.985744,2.201497,0.000000,0.000000,0
107,91.122173,1.775978,54.985744,2.201497,0.000000,0.000000,0
108,227.866509,1.588609,319.899646,2.894902,0.000000,0.000000,0
109,109.767085,2.685410,321.176918,2.158726,0.000000,0.000000,0
110,115.371402,1.820831,284.413861,2.414726,0.000000,0.000000,0
111,307.625083,1.756782,245.066324,2.857866,0.000000,0.000000,0
112,65.416591,2.685410,202.743473,1.222055,0.000000,0.000000,0
113,8.662303,2.706873,23.351851,2.530229,0.000000,0.000000,0
114,257.055518,1.064984,84.124634,2.098336,0.000000,0.000000,0
115,320.177642,1.756782,245.066324,2.852999,0.000000,0.000000,0
116,244.169894,2.361609,284.659595,2.845758,0.000000,0.000000,0
117,285.065600,2.285688,165.117858,2.371363,0.000000,0.000000,0
118,44.629971,2.294145,164.713128,2.357978,0.000000,0.000000,0
119,283.543793,1.032475,201.489815,1.606272,0.000000,0.000000,0
120,282.732868,1.958108,228.314461,2.557958,0.000000,0.000000,0
121,234.607584,2.723836,164.731650,2.691327,0.000000,0.000000,0
122,324.197407,1.432788,34.843543,1.834176,0.000000,0.000000,0
123,285.065600,2.285688,164.377452,2.357978,0.000000,0.000000,0
124,238.583876,1.539202,67.458991,2.581752,0.000000,0.000000,0
125,281.373134,1.032475,201.489815,1.100029,0.000000,0.000000,0
126,250.038086,2.287388,236.374143,1.631900,0.000000,0.000000,0
127,280.276365,2.695253,325.564516,2.541820,0.000000,0.000000,0
128,322.288835,2.687340,244.156787,1.252990,0.000000,0.000000,0
129,249.977335,1.168164,161.949616,1.779476,0.000000,0.000000,0
130,227.866509,1.588609,319.899646,2.134260,0.000000,0.000000,0
131,320.177642,1.756782,244.041910,2.873807,0.000000,0.000000,0
132,47.381011,1.388478,335.717406,1.175610,0.000000,0.000000,0
133,324.197407,1.432788,338.393619,2.667435,0.000000,0.000000,0
134,231.171805,1.588609,36.508609,2.134260,0.000000,0.000000,0
135,252.663415,2.287388,284.386502,1.631900,0.000000,0.000000,0
136,240.523231,2.665205,335.707896,2.974849,0.000000,0.000000,0
137,115.420327,2.529671,340.930791,1.077276,0.000000,0.000000,0
138,322.317860,2.808556,217.257541,2.683165,0.000000,0.000000,0
139,250.038086,2.287388,236.374143,1.498676,0.000000,0.000000,0
140,115.420327,2.657469,340.930791,2.720641,0.000000,0.000000,0
141,307.625083,1.775422,245.066324,2.857866,0.000000,0.000000,0
142,112.658000,2.685747,268.268665,1.232575,0.000000,0.000000,0
143,109.767085,2.685410,268.268665,1.232575,0.000000,0.000000,0
144,115.419557,2.588794,339.397641,2.722805,0.000000,0.000000,0
145,47.491552,1.519068,325.901366,2.541094,0.000000,0.000000,0
146,115.372173,1.889505,284.413861,2.412562,0.000000,0.000000,0
147,91.122173,2.602419,179.540833,1.398972,0.000000,0.000000,0
148,223.796243,1.539202,160.555070,2.690601,0.000000,0.000000,0
149,93.031367,2.421090,232.395992,2.568757,0.000000,0.000000,0
150,39.833228,2.703710,325.901366,2.541820,-0.689566,-2.703710,1
151,93.031367,2.420115,230.548021,2.684839,-0.946479,-2.420115,1
152,93.031367,2.426063,230.561961,2.582142,-0.850167,-2.426063,1
153,115.372173,1.889505,216.837486,2.425113,-0.972913,-1.889505,1
154,93.031367,2.421090,230.561961,2.582142,-0.727362,-2.421090,1
155,84.316134,1.757974,245.066324,2.857866,-0.813677,-1.757974,1
156,43.529830,1.634848,295.040904,2.519066,-0.889402,-1.634848,1
157,93.031367,2.421090,334.517328,2.965131,0.000000,0.000000,0
158,238.583876,2.707190,67.510388,2.581805,0.000000,0.000000,0
159,249.977335,1.164960,161.949616,1.779476,0.000000,0.000000,0
160,231.171805,1.587306,36.508609,1.496558,0.000000,0.000000,0
161,91.122173,1.775978,54.985744,2.201497,0.000000,0.000000,0
162,312.906214,2.809531,174.290092,2.580469,0.000000,0.000000,0
163,83.204732,2.370411,75.558544,2.201497,0.000000,0.000000,0
164,109.767085,2.685410,268.268665,1.232575,0.000000,0.000000,0
165,280.276365,2.695253,325.564516,2.543861,0.000000,0.000000,0
166,115.372173,1.966167,284.413861,2.412562,0.000000,0.000000,0
167,47.491552,1.519068,325.901366,2.541094,0.000000,0.000000,0
168,47.381011,1.425436,333.103568,1.397683,0.000000,0.000000,0
169,250.038086,2.287388,236.374143,1.498676,0.000000,0.000000,0
170,115.420327,2.529671,41.880093,2.109500,0.000000,0.000000,0
171,223.796243,1.539202,160.555070,2.690601,0.000000,0.000000,0
172,21.065197,2.703710,325.936564,2.541820,0.000000,0.000000,0
173,81.625375,1.775978,54.985744,2.201497,0.000000,0.000000,0
174,250.196407,2.287388,236.014249,1.631900,0.000000,0.000000,0
175,254.640686,2.287388,276.063133,1.676128,0.000000,0.000000,0
176,8.662303,2.706873,23.351851,1.207698,0.000000,0.000000,0
177,115.420327,2.657469,340.930791,2.720641,0.000000,0.000000,0
178,285.065600,2.285688,165.117858,2.371363,0.000000,0.000000,0
179,231.171805,1.588609,335.298424,1.210000,0.000000,0.000000,0
180,322.317860,2.808556,217.257541,2.683165,0.000000,0.000000,0
181,280.276365,2.695253,325.564516,2.541820,0.000000,0.000000,0
182,241.957951,2.245829,324.288975,2.845758,0.000000,0.000000,0
183,320.177642,1.756782,245.066324,2.852999,0.000000,0.000000,0
184,119.305106,1.889505,320.125803,2.412562,0.000000,0.000000,0
185,179.630493,2.772256,17.119380,2.164543,0.000000,0.000000,0
186,115.419557,2.658232,345.341128,2.720513,0.000000,0.000000,0
187,307.625083,1.775422,245.066324,2.857866,0.000000,0.000000,0
188,44.629971,2.289171,168.013527,2.357978,0.000000,0.000000,0
189,249.977335,1.168164,161.949616,1.779476,0.000000,0.000000,0
190,115.206981,2.529671,340.930791,2.893707,0.000000,0.000000,0
191,93.031367,2.421090,232.395992,2.568757,0.000000,0.000000,0
192,307.625083,1.742281,245.279243,2.857866,0.000000,0.000000,0
193,227.866509,1.583658,319.899646,2.134260,0.000000,0.000000,0
194,47.381011,1.388478,335.717406,2.498262,0.000000,0.000000,0
195,320.177642,1.756782,244.041910,2.873807,0.000000,0.000000,0
196,8.662303,1.538882,23.300453,2.530176,0.000000,0.000000,0
197,325.350047,2.699035,243.198601,1.352955,0.000000,0.000000,0
198,109.767085,2.685410,321.176918,1.362642,0.000000,0.000000,0
199,307.625083,1.756782,245.066324,2.857866,0.000000,0.000000,0
200,39.833228,2.703710,325.901366,2.541820,-0.689566,-2.703710,1
201,93.031367,2.420115,230.548021,2.684839,-0.946479,-2.420115,1
202,93.031367,2.426063,230.561961,2.582142,-0.850167,-2.426063,1
203,115.372173,1.889505,216.837486,2.425113,-0.972913,-1.889505,1
204,93.031367,2.417047,230.548021,2.684839,-0.953898,-2.417047,1
205,39.843339,2.703710,326.434382,2.521387,-0.640987,-2.703710,1
206,93.031367,2.421090,230.561961,2.582142,-0.727362,-2.421090,1
207,84.316134,1.757974,245.066324,2.857866,-0.813677,-1.757974,1
208,43.529830,1.634848,295.040904,2.519066,-0.889402,-1.634848,1
209,21.065197,2.271755,327.193677,2.496903,-0.705568,-2.271755,1
210,177.799307,1.757974,17.773892,2.158819,0.000000,0.000000,0
211,223.796243,1.539202,160.555070,2.690601,0.000000,0.000000,0
212,80.723324,1.780827,54.985744,2.193957,0.000000,0.000000,0
213,91.122173,1.775978,54.985744,2.201497,0.000000,0.000000,0
214,47.381011,1.452581,333.103568,2.615147,0.000000,0.000000,0
215,115.372173,1.966167,284.413861,2.412562,0.000000,0.000000,0
216,109.767085,2.685410,321.176918,1.362642,0.000000,0.000000,0
217,47.381011,1.388478,335.717406,2.498262,0.000000,0.000000,0
218,74.053601,2.370411,75.558544,1.321957,0.000000,0.000000,0
219,238.583876,2.680041,67.510388,1.364341,0.000000,0.000000,0
220,249.977335,1.168164,23.527628,1.779476,0.000000,0.000000,0
221,109.767085,2.685410,268.268665,1.232575,0.000000,0.000000,0
222,49.354805,1.388478,335.717406,2.110165,0.000000,0.000000,0
223,115.206981,2.529671,340.930791,2.893707,0.000000,0.000000,0
224,78.899278,1.740189,58.775962,2.225570,0.000000,0.000000,0
225,325.350047,2.699035,243.198601,1.352955,0.000000,0.000000,0
226,312.906214,2.812178,327.133726,2.580865,0.000000,0.000000,0
227,285.065600,2.288756,165.117858,2.371363,0.000000,0.000000,0
228,312.906214,2.809531,174.290092,2.580469,0.000000,0.000000,0
229,93.031367,2.426063,234.205593,2.582142,0.000000,0.000000,0
230,83.204732,2.370411,75.558544,2.201497,0.000000,0.000000,0
231,332.627752,2.803691,217.257541,2.690705,0.000000,0.000000,0
232,47.491552,1.519068,325.901366,2.541094,0.000000,0.000000,0
233,249.977335,1.164960,161.949616,1.779476,0.000000,0.000000,0
234,86.147320,2.772256,244.556641,2.863579,0.000000,0.000000,0
235,231.171805,1.587306,215.617456,1.500263,0.000000,0.000000,0
236,307.625083,1.775422,245.066324,2.857866,0.000000,0.000000,0
237,8.662303,1.538882,23.300453,2.530176,0.000000,0.000000,0
238,115.419557,2.658232,345.341128,2.720513,0.000000,0.000000,0
239,21.065197,2.703710,325.936564,2.541820,0.000000,0.000000,0
240,47.381011,1.425436,333.103568,1.397683,0.000000,0.000000,0
241,312.906214,1.776351,174.290092,2.864677,0.000000,0.000000,0
242,96.492835,2.287388,53.594766,1.684022,0.000000,0.000000,0
243,253.335731,2.481625,339.986621,2.904653,0.000000,0.000000,0
244,96.669969,1.092230,37.932770,1.779476,0.000000,0.000000,0
245,307.625083,1.742281,245.279243,2.857866,0.000000,0.000000,0
246,113.446532,2.529671,41.880093,2.454489,0.000000,0.000000,0
247,307.625083,2.808584,245.066324,2.573658,0.000000,0.000000,0
248,44.629971,2.289171,168.013527,2.357701,0.000000,0.000000,0
249,93.021255,2.421090,333.984313,2.983013,0.000000,0.000000,0
250,93.031367,2.420115,230.548021,2.684839,-0.946479,-2.420115,1
251,93.031367,2.426063,230.561961,2.582142,-0.850167,-2.426063,1
252,115.372173,1.889505,216.837486,2.425113,-0.972913,-1.889505,1
253,93.031367,2.417047,230.548021,2.684839,-0.953898,-2.417047,1
254,39.843339,2.780423,326.434382,2.652239,-0.815859,-2.780423,1
255,93.031367,2.413715,230.561961,2.582142,-0.935552,-2.413715,1
256,39.833228,2.723974,325.901366,2.541820,-0.734539,-2.723974,1
257,93.031367,2.421090,230.561961,2.572607,-0.752155,-2.421090,1
258,93.031367,2.387097,230.561961,2.582142,-0.908207,-2.387097,1
259,43.529830,1.634848,295.109868,2.519066,-0.926982,-1.634848,1
260,39.833228,2.703710,325.901366,2.541820,-0.689566,-2.703710,1
261,93.031367,2.421090,230.561961,2.582142,-0.727362,-2.421090,1
262,93.031367,1.969446,230.266687,2.415137,-0.894062,-1.969446,1
263,39.843339,2.703710,326.434382,2.521387,-0.640987,-2.703710,1
264,21.065197,2.271755,327.193677,2.496903,-0.705568,-2.271755,1
265,84.316134,1.757974,245.066324,2.857866,-0.813677,-1.757974,1
266,43.529830,1.634848,295.040904,2.519066,-0.889402,-1.634848,1
267,115.372173,1.889505,216.844319,2.444774,-0.802110,-1.889505,1
268,249.644751,1.560344,163.429513,1.623897,0.000000,0.000000,0
269,113.446532,2.529671,41.880093,2.458457,0.000000,0.000000,0
270,230.316748,1.191922,214.137559,1.510496,0.000000,0.000000,0
271,84.316134,2.389399,245.091052,2.785585,0.000000,0.000000,0
272,96.669969,1.092230,37.932770,1.779476,0.000000,0.000000,0
273,47.491552,1.519068,325.901366,2.541094,0.000000,0.000000,0
274,96.669969,1.076415,37.932770,1.779476,0.000000,0.000000,0
275,332.627752,2.803691,217.257541,2.690705,0.000000,0.000000,0
276,113.446532,2.529671,41.880093,2.454489,0.000000,0.000000,0
277,61.520761,2.809531,174.290092,2.570319,0.000000,0.000000,0
278,39.843339,1.987681,326.434382,2.211018,0.000000,0.000000,0
279,21.065197,2.703710,325.936564,2.541820,0.000000,0.000000,0
280,325.350047,2.699035,243.198601,1.352955,0.000000,0.000000,0
281,312.906214,1.776351,174.290092,2.864677,0.000000,0.000000,0
282,91.647827,2.421090,333.984313,2.983013,0.000000,0.000000,0
283,47.819549,1.747194,242.690081,2.864611,0.000000,0.000000,0
284,114.819961,2.529671,41.880093,2.454489,0.000000,0.000000,0
285,93.031367,2.420065,329.302802,2.582142,0.000000,0.000000,0
286,313.953179,1.736934,240.428739,2.852315,0.000000,0.000000,0
287,109.767085,2.685410,268.199701,1.232575,0.000000,0.000000,0
288,115.372173,2.413768,284.695194,2.503748,0.000000,0.000000,0
289,109.767085,2.685410,310.271539,1.016800,0.000000,0.000000,0
290,312.906214,2.809531,174.290092,2.580469,0.000000,0.000000,0
291,93.031367,2.423458,325.859698,2.583319,0.000000,0.000000,0
292,48.902545,1.504398,335.814582,2.498262,0.000000,0.000000,0
293,249.977335,1.168164,23.527628,1.779476,0.000000,0.000000,0
294,86.147320,2.772256,244.556641,2.863579,0.000000,0.000000,0
295,44.629971,2.289171,168.013527,2.367236,0.000000,0.000000,0
296,47.381011,1.388478,335.717406,2.498262,0.000000,0.000000,0
297,47.381011,1.431435,234.362567,1.397683,0.000000,0.000000,0
298,80.723324,1.780827,54.985744,2.193957,0.000000,0.000000,0
299,84.607146,1.757974,247.236001,2.400483,0.000000,0.000000,0
300,93.031367,2.420115,230.548021,2.684839,-0.946479,-2.420115,1
301,93.031367,2.426063,230.561961,2.582142,-0.850167,-2.426063,1
302,115.372173,1.889505,216.837486,2.425113,-0.972913,-1.889505,1
303,93.031367,2.417047,230.548021,2.684839,-0.953898,-2.417047,1
304,39.843339,2.780423,326.434382,2.652239,-0.815859,-2.780423,1
305,43.529830,1.634848,295.041765,2.519066,-0.986378,-1.634848,1
306,93.031367,2.421090,230.373670,2.541341,-0.914099,-2.421090,1
307,93.031367,2.413715,230.561961,2.582142,-0.935552,-2.413715,1
308,39.833228,2.723974,325.901366,2.541820,-0.734539,-2.723974,1
309,39.843339,2.780161,326.434382,2.652239,-0.688589,-2.780161,1
310,93.031367,2.421090,230.561961,2.573075,-0.851253,-2.421090,1
311,93.031367,2.420204,230.547907,2.579868,-0.862374,-2.420204,1
312,93.031367,2.387097,230.561961,2.582142,-0.908207,-2.387097,1
313,43.529830,1.634848,295.109868,2.519066,-0.926982,-1.634848,1
314,39.833228,2.703710,325.901366,2.541820,-0.689566,-2.703710,1
315,93.031367,2.421090,230.561961,2.572607,-0.752155,-2.421090,1
316,93.031367,1.969446,230.266687,2.415137,-0.894062,-1.969446,1
317,115.372173,1.889505,216.837486,2.398866,-0.905048,-1.889505,1
318,39.843339,2.703710,326.434382,2.521387,-0.640987,-2.703710,1
319,93.031367,2.421090,230.561961,2.582142,-0.727362,-2.421090,1
320,84.316134,1.757974,245.066324,2.857866,-0.813677,-1.757974,1
321,43.529830,1.634848,295.040904,2.519066,-0.889402,-1.634848,1
322,115.372173,1.889505,216.844319,2.444774,-0.802110,-1.889505,1
323,21.065197,2.271755,327.193677,2.496903,-0.705568,-2.271755,1
324,93.881050,2.417798,245.066324,2.857719,-0.600145,-2.417798,1
325,94.262571,1.736934,240.428739,2.852315,0.000000,0.000000,0
326,47.819549,1.747194,242.690081,2.864611,0.000000,0.000000,0
327,99.230466,2.685136,325.901366,2.673558,0.000000,0.000000,0
328,42.344305,1.092230,37.932770,2.528805,0.000000,0.000000,0
329,325.350047,2.699035,243.198601,1.379202,0.000000,0.000000,0
330,113.446532,2.540776,39.048248,2.454800,0.000000,0.000000,0
331,39.843339,2.769317,329.215464,2.655896,0.000000,0.000000,0
332,230.316748,1.192272,214.137559,1.510496,0.000000,0.000000,0
333,93.031367,2.420065,329.302802,2.582142,0.000000,0.000000,0
334,48.902545,1.504398,323.555685,2.497794,0.000000,0.000000,0
335,39.843339,1.987681,326.434382,2.211018,0.000000,0.000000,0
336,83.466450,1.753891,230.561961,2.582290,0.000000,0.000000,0
337,86.147320,2.772256,244.383693,2.863579,0.000000,0.000000,0
338,325.350047,2.699035,243.198601,1.352955,0.000000,0.000000,0
339,332.627752,2.803691,217.257541,2.690705,0.000000,0.000000,0
340,48.902545,1.504398,335.814582,2.498262,0.000000,0.000000,0
341,249.644751,1.560344,163.429513,1.623897,0.000000,0.000000,0
342,22.459107,1.669628,242.653868,2.407101,0.000000,0.000000,0
343,44.471313,1.637421,190.099259,2.517681,0.000000,0.000000,0
344,34.538063,1.634848,295.040904,2.519066,0.000000,0.000000,0
345,86.147320,2.772256,244.556641,2.863579,0.000000,0.000000,0
346,84.316134,2.389399,245.091052,2.785585,0.000000,0.000000,0
347,24.450026,1.634848,295.109007,2.519066,0.000000,0.000000,0
348,39.843339,2.703710,230.006962,2.521387,0.000000,0.000000,0
349,83.213253,2.792020,330.518657,2.535202,0.000000,0.000000,0
350,93.031367,2.420115,230.548021,2.684839,-0.946479,-2.420115,1
351,39.843339,2.780423,326.434382,2.645590,-0.922699,-2.780423,1
352,93.031367,2.417047,230.548440,2.686094,-0.991069,-2.417047,1
353,93.031367,2.426063,230.561961,2.582142,-0.850167,-2.426063,1
354,39.843339,2.780423,326.434382,2.652239,-0.815859,-2.780423,1
355,93.031367,2.421090,230.373670,2.541341,-0.914099,-2.421090,1
356,93.031367,2.417047,230.548021,2.684839,-0.953898,-2.417047,1
357,43.529830,1.634848,295.041765,2.519066,-0.986378,-1.634848,1
358,43.529830,1.647400,295.109868,2.414342,-0.982587,-1.647400,1
359,93.031367,1.956894,230.266687,2.519862,-0.980642,-1.956894,1
360,39.833228,2.723974,325.901366,2.541820,-0.734539,-2.723974,1
361,39.843339,2.780161,326.434382,2.652239,-0.688589,-2.780161,1
362,39.843339,2.767406,326.434382,2.652239,-0.719091,-2.767406,1
363,93.031367,2.421090,230.561961,2.573075,-0.851253,-2.421090,1
364,93.031367,2.420204,230.547907,2.579868,-0.862374,-2.420204,1
365,93.031367,2.413715,230.561961,2.582142,-0.935552,-2.413715,1
366,115.372173,1.889505,216.837486,2.425113,-0.972913,-1.889505,1
367,39.833228,2.703710,325.901366,2.541820,-0.689566,-2.703710,1
368,39.833228,2.724809,327.324583,2.541978,-0.607401,-2.724809,1
369,93.031367,2.421090,230.561961,2.572607,-0.752155,-2.421090,1
370,93.031367,2.387097,230.561961,2.582142,-0.908207,-2.387097,1
371,43.529830,1.634848,295.109868,2.519066,-0.926982,-1.634848,1
372,39.843339,2.703710,326.434382,2.521387,-0.640987,-2.703710,1
373,93.031367,2.421090,230.561961,2.582142,-0.727362,-2.421090,1
374,93.031367,1.969446,230.266687,2.415137,-0.894062,-1.969446,1
375,115.372173,1.889505,216.837486,2.398866,-0.905048,-1.889505,1
376,21.065197,2.273127,327.193677,2.496903,-0.825517,-2.273127,1
377,93.031367,2.413715,230.561542,2.580887,-0.724884,-2.413715,1
378,93.031367,2.420204,244.956746,2.849883,-0.647286,-2.420204,1
379,115.372173,1.895399,216.822835,2.398866,-0.885502,-1.895399,1
380,43.529830,1.634848,295.040904,2.519066,-0.889402,-1.634848,1
381,21.065197,2.271755,327.193677,2.496903,-0.705568,-2.271755,1
382,115.520195,1.969264,216.837486,2.425139,-0.709961,-1.969264,1
383,93.881050,2.417798,245.066324,2.857719,-0.600145,-2.417798,1
384,84.316134,1.757974,245.066324,2.857866,-0.813677,-1.757974,1
385,115.372173,1.889505,216.844319,2.444774,-0.802110,-1.889505,1
386,115.037441,1.192272,214.137559,1.510496,-0.646835,-1.192272,1
387,230.651479,1.889505,216.844319,2.444774,0.000000,0.000000,0
388,325.350047,2.699035,243.198601,1.379202,0.000000,0.000000,0
389,230.316748,1.192272,214.137559,1.510496,0.000000,0.000000,0
390,93.031367,1.745507,230.548021,2.579247,0.000000,0.000000,0
391,48.902545,1.498504,323.570312,2.497794,0.000000,0.000000,0
392,43.529830,2.399149,295.041765,2.519066,0.000000,0.000000,0
393,86.147320,2.772256,244.556641,2.863579,0.000000,0.000000,0
394,94.262571,1.736934,240.428739,2.852315,0.000000,0.000000,0
395,93.142653,1.097109,240.432648,2.858293,0.000000,0.000000,0
396,94.330027,2.721496,230.561961,2.581859,0.000000,0.000000,0
397,39.843339,1.894473,326.434382,2.444422,0.000000,0.000000,0
398,115.661844,2.297504,216.837486,2.425113,0.000000,0.000000,0
399,10.580579,1.315782,335.814582,2.498262,0.000000,0.000000,0
400,93.031367,2.417047,230.548440,2.686094,-0.991069,-2.417047,1
401,39.833228,2.782844,326.423230,2.541820,-0.930034,-2.782844,1
402,40.375945,2.681472,328.786053,2.521387,-0.989263,-2.681472,1
403,39.843339,2.780423,326.434382,2.645590,-0.922699,-2.780423,1
404,93.031367,2.420115,230.548021,2.684839,-0.946479,-2.420115,1
405,93.031367,2.417047,230.548021,2.684839,-0.953898,-2.417047,1
406,43.529830,1.634848,295.041765,2.519066,-0.986378,-1.634848,1
407,43.529830,1.647400,295.109868,2.414342,-0.982587,-1.647400,1
408,93.031367,1.956894,230.266687,2.519862,-0.980642,-1.956894,1
409,93.031367,2.426063,230.561961,2.582142,-0.850167,-2.426063,1
410,39.843339,2.780423,326.434382,2.652239,-0.815859,-2.780423,1
411,93.031367,2.421090,230.373670,2.541341,-0.914099,-2.421090,1
412,93.031367,2.413715,230.561961,2.582142,-0.935552,-2.413715,1
413,115.372173,1.889505,216.837486,2.425113,-0.972913,-1.889505,1
414,39.843339,2.780161,326.434382,2.652239,-0.688589,-2.780161,1
415,39.843339,2.767406,326.434382,2.652239,-0.719091,-2.767406,1
416,39.843339,2.732352,326.434382,2.652239,-0.774284,-2.732352,1
417,39.833228,2.724809,326.448889,2.541978,-0.778248,-2.724809,1
418,39.843339,2.780423,327.310075,2.652239,-0.638278,-2.780423,1
419,93.031367,2.421090,230.561961,2.573075,-0.851253,-2.421090,1
420,93.031367,2.420204,230.547907,2.579868,-0.862374,-2.420204,1
421,93.031367,2.387097,230.561961,2.582142,-0.908207,-2.387097,1
422,117.195567,1.889505,216.837486,2.662692,-0.963612,-1.889505,1
423,39.833228,2.723974,325.901366,2.541820,-0.734539,-2.723974,1
424,93.031367,2.519496,244.956746,2.849883,-0.770276,-2.519496,1
425,43.538611,2.780161,327.495896,2.652299,-0.614894,-2.780161,1
426,93.031367,2.420204,230.267826,2.579868,-0.771120,-2.420204,1
427,93.031367,2.413715,230.371899,2.582142,-0.827380,-2.413715,1
428,93.031367,1.969446,230.266687,2.415137,-0.894062,-1.969446,1
429,93.031367,2.387097,230.561961,2.582188,-0.892526,-2.387097,1
430,43.529830,1.634848,295.109868,2.519066,-0.926982,-1.634848,1
431,115.372173,1.889505,216.837486,2.398866,-0.905048,-1.889505,1
432,39.833228,2.703710,325.901366,2.541820,-0.689566,-2.703710,1
433,39.843339,2.721292,325.912517,2.652239,-0.648413,-2.721292,1
434,93.031367,2.421090,230.561961,2.572607,-0.752155,-2.421090,1
435,93.031367,2.434430,246.799085,2.908301,-0.739145,-2.434430,1
436,39.833228,2.724809,327.324583,2.541978,-0.607401,-2.724809,1
437,21.065197,2.273127,327.193677,2.496903,-0.825517,-2.273127,1
438,115.372173,1.895399,216.822835,2.398866,-0.885502,-1.895399,1
439,93.031367,1.969446,230.546768,2.415137,-0.839536,-1.969446,1
440,43.529830,1.634848,295.040904,2.519066,-0.889402,-1.634848,1
441,39.843339,2.703710,326.434382,2.521387,-0.640987,-2.703710,1
442,93.031367,2.421090,230.563732,2.541341,-0.743423,-2.421090,1
443,93.031367,2.000543,230.561542,2.422052,-0.754970,-2.000543,1
444,84.316134,1.757974,245.066324,2.857866,-0.813677,-1.757974,1
445,115.372173,1.889505,216.844319,2.444774,-0.802110,-1.889505,1
446,93.031367,2.421090,230.561961,2.582142,-0.727362,-2.421090,1
447,93.031367,2.420229,230.561961,2.582142,-0.731004,-2.420229,1
448,93.031367,2.420204,244.956746,2.849883,-0.647286,-2.420204,1
449,93.031367,2.417955,230.106993,2.573075,-0.729010,-2.417955,1
450,93.031367,2.417047,230.548440,2.686094,-0.991069,-2.417047,1
451,40.375945,2.681472,328.786053,2.521387,-0.989263,-2.681472,1
452,39.842981,2.782942,326.433659,2.652239,-0.930517,-2.782942,1
453,93.031367,2.420115,230.548021,2.684839,-0.946479,-2.420115,1
454,93.031367,2.417047,230.548021,2.684839,-0.953898,-2.417047,1
455,43.529830,1.634848,295.041765,2.519066,-0.986378,-1.634848,1
456,43.529830,1.647400,295.109868,2.414342,-0.982587,-1.647400,1
457,93.031367,1.956894,230.266687,2.519862,-0.980642,-1.956894,1
458,39.833228,2.782844,326.423230,2.541820,-0.930034,-2.782844,1
459,93.031367,2.413715,230.561961,2.582142,-0.935552,-2.413715,1
460,115.372173,1.889505,216.837486,2.425113,-0.972913,-1.889505,1
461,39.843339,2.780423,326.434382,2.645590,-0.922699,-2.780423,1
462,40.375945,2.781684,328.786053,2.516683,-0.712897,-2.781684,1
463,39.832965,2.780798,326.434382,2.645590,-0.868545,-2.780798,1
464,93.031367,2.420942,230.561988,2.573075,-0.928420,-2.420942,1
465,115.372173,1.889505,216.837486,2.355971,-0.969725,-1.889505,1
466,93.031367,2.421090,230.373670,2.541341,-0.914099,-2.421090,1
467,93.031367,2.426063,230.561961,2.582142,-0.850167,-2.426063,1
468,39.843339,2.780423,326.434382,2.652239,-0.815859,-2.780423,1
469,39.843339,2.680211,327.310075,2.656942,-0.845094,-2.680211,1
470,39.843183,2.780145,326.448889,2.650610,-0.838928,-2.780145,1
471,117.195567,1.889505,216.837486,2.662692,-0.963612,-1.889505,1
472,93.031367,2.421090,230.561961,2.573075,-0.851253,-2.421090,1
473,93.031367,2.420204,230.547907,2.579868,-0.862374,-2.420204,1
474,93.031367,2.387097,230.561961,2.582142,-0.908207,-2.387097,1
475,39.843339,2.780161,326.434382,2.652239,-0.688589,-2.780161,1
476,39.843339,2.780423,326.294323,2.648190,-0.675723,-2.780423,1
477,39.843339,2.767406,326.434382,2.652239,-0.719091,-2.767406,1
478,43.509780,2.745751,326.256073,2.544517,-0.795622,-2.745751,1
479,43.529830,1.634848,295.109868,2.519066,-0.926982,-1.634848,1
480,39.853278,1.613898,295.233720,2.516527,-0.958892,-1.613898,1
481,93.031367,2.413715,230.371899,2.582142,-0.827380,-2.413715,1
482,93.031367,1.969446,230.266687,2.415137,-0.894062,-1.969446,1
483,93.031367,2.387097,230.561961,2.582188,-0.892526,-2.387097,1
484,115.372173,1.889505,216.837486,2.398866,-0.905048,-1.889505,1
485,39.843339,2.780423,327.310075,2.652239,-0.638278,-2.780423,1
486,39.843339,2.732352,326.434382,2.652239,-0.774284,-2.732352,1
487,39.833228,2.724809,326.448889,2.541978,-0.778248,-2.724809,1
488,43.529830,1.634848,295.181823,2.516466,-0.908782,-1.634848,1
489,21.065197,2.273127,327.193677,2.496903,-0.825517,-2.273127,1
490,115.372173,1.895399,216.822835,2.398866,-0.885502,-1.895399,1
491,93.031367,1.994908,230.561542,2.427446,-0.884130,-1.994908,1
492,43.538611,2.780161,327.495896,2.652299,-0.614894,-2.780161,1
493,39.833385,2.725087,326.434382,2.543607,-0.730217,-2.725087,1
494,39.833228,2.723974,325.901366,2.541820,-0.734539,-2.723974,1
495,93.031367,2.519496,244.956746,2.849883,-0.770276,-2.519496,1
496,93.031367,2.420204,230.267826,2.579868,-0.771120,-2.420204,1
497,39.833228,2.724809,327.324583,2.541978,-0.607401,-2.724809,1
498,43.529830,1.634848,295.040904,2.519066,-0.889402,-1.634848,1
499,93.031367,1.969446,230.546768,2.415137,-0.839536,-1.969446,1
