Index,orientation_ego,velocity_ego,orientation_ped,velocity_ped,Min distance,Velocity at min distance,Critical
0,32.237850,2.878033,278.177099,2.003932,1.540647,-2.878033,0
1,60.428356,2.120980,171.889343,1.411371,5.160343,-2.120980,0
2,27.179996,2.129477,181.911811,2.598921,7.211808,-2.129477,0
3,46.086258,2.001550,224.304274,1.281487,3.593786,-2.001550,0
4,54.288006,1.723014,174.743176,2.795793,7.006282,-1.723014,0
5,108.531402,2.887211,65.823828,1.926667,1000.000000,1000.000000,0
6,76.849347,1.275189,110.963267,1.788055,1000.000000,1000.000000,0
7,255.490940,2.446043,149.934451,1.060806,1000.000000,1000.000000,0
8,34.413860,2.277312,62.008137,1.550019,1000.000000,1000.000000,0
9,260.515944,2.496497,144.620692,2.502444,1000.000000,1000.000000,0
10,144.332434,2.543828,43.305256,1.784820,1000.000000,1000.000000,0
11,17.970840,1.451894,122.884560,1.737839,1000.000000,1000.000000,0
12,123.832771,2.261409,359.970739,1.879475,1000.000000,1000.000000,0
13,297.278436,1.925514,125.574967,1.924519,1000.000000,1000.000000,0
14,71.862534,2.063050,262.019044,1.802811,1000.000000,1000.000000,0
15,130.818462,1.053759,112.685336,2.603587,1000.000000,1000.000000,0
16,15.588173,2.733929,55.724048,2.281599,1000.000000,1000.000000,0
17,313.671301,1.099278,301.713032,1.289573,1000.000000,1000.000000,0
18,44.971632,2.757175,298.239527,2.108631,1000.000000,1000.000000,0
19,252.095224,2.709768,241.082310,2.373782,1000.000000,1000.000000,0
20,80.867835,2.527728,257.357997,2.291155,1000.000000,1000.000000,0
21,73.192810,2.273142,53.728440,2.474684,1000.000000,1000.000000,0
22,138.944397,1.464309,244.410168,1.908128,1000.000000,1000.000000,0
23,211.441925,1.404188,93.198960,1.336228,1000.000000,1000.000000,0
24,296.229212,2.997938,325.808340,1.873274,1000.000000,1000.000000,0
25,116.280487,2.864090,245.490801,2.271714,1000.000000,1000.000000,0
26,70.267306,2.169210,119.013895,2.150845,1000.000000,1000.000000,0
27,268.787595,1.432316,277.630263,2.137325,1000.000000,1000.000000,0
28,66.958044,2.258560,304.643529,1.059617,1000.000000,1000.000000,0
29,303.427188,2.230419,327.351256,2.605760,1000.000000,1000.000000,0
30,266.877235,2.819431,284.565155,1.631477,1000.000000,1000.000000,0
31,260.652295,1.072344,92.134442,2.955201,1000.000000,1000.000000,0
32,313.264211,2.819655,329.222869,1.670993,1000.000000,1000.000000,0
33,196.282278,2.332542,98.291525,1.228169,1000.000000,1000.000000,0
34,77.411249,2.606180,264.659151,1.455600,1000.000000,1000.000000,0
35,203.618134,1.717881,48.516406,1.726751,1000.000000,1000.000000,0
36,251.614823,2.669954,215.970841,1.483570,1000.000000,1000.000000,0
37,316.560602,1.185225,122.268953,1.343803,1000.000000,1000.000000,0
38,94.182561,2.850506,253.569799,1.757965,1000.000000,1000.000000,0
39,133.589566,1.289723,68.071307,1.879466,1000.000000,1000.000000,0
40,37.174637,2.664725,99.104171,2.824419,1000.000000,1000.000000,0
41,260.781940,2.796388,49.581094,2.440137,1000.000000,1000.000000,0
42,164.375553,1.022988,146.076465,2.135665,1000.000000,1000.000000,0
43,102.565971,2.267793,276.896020,1.574778,1000.000000,1000.000000,0
44,15.914531,2.381418,57.285401,1.802994,1000.000000,1000.000000,0
45,206.402216,2.094587,209.801728,1.880374,1000.000000,1000.000000,0
46,176.277842,2.761294,215.365940,1.298451,1000.000000,1000.000000,0
47,191.444361,2.127998,205.064859,2.251007,1000.000000,1000.000000,0
48,269.016022,2.050778,169.387958,2.175285,1000.000000,1000.000000,0
49,161.056068,2.487387,167.909793,2.584742,1000.000000,1000.000000,0
50,32.237850,2.878033,278.177099,2.003932,1.540647,-2.878033,0
51,164.798659,1.047402,220.185199,2.520672,0.542896,-1.047402,0
52,31.406394,2.878033,274.925139,2.013438,1.832943,-2.878033,0
53,27.179996,2.129477,181.911811,2.598921,7.211808,-2.129477,0
54,46.086258,2.001550,224.304274,1.281487,3.593786,-2.001550,0
55,61.259812,2.120980,175.141304,1.401865,4.947224,-2.120980,0
56,19.554123,2.127998,205.064859,2.251007,6.489368,-2.127998,0
57,44.852176,2.017934,223.397283,1.271241,3.818735,-2.017934,0
58,46.086258,2.001550,224.304274,2.128235,3.632658,-2.001550,0
59,60.428356,2.120980,171.889343,1.411371,5.160343,-2.120980,0
60,138.944397,1.464309,168.139526,1.883886,4.633801,-1.464309,0
61,60.198240,2.120980,171.889343,1.789200,5.706955,-2.120980,0
62,54.288006,1.723014,176.654662,1.047048,5.255613,-1.723014,0
63,54.288006,1.740764,174.743176,1.552842,6.035025,-1.740764,0
64,54.288006,1.723014,175.170517,1.675066,6.150570,-1.723014,0
65,54.288006,1.723014,174.743176,2.795793,7.006282,-1.723014,0
66,32.237850,2.489925,289.719533,2.003932,1000.000000,1000.000000,0
67,164.375553,1.022988,146.076465,2.135665,1000.000000,1000.000000,0
68,316.560602,1.185225,115.679430,1.550261,1000.000000,1000.000000,0
69,44.971632,2.757175,298.239527,2.108631,1000.000000,1000.000000,0
70,63.022874,2.169210,124.554308,2.150845,1000.000000,1000.000000,0
71,93.956722,2.819431,253.955936,1.631477,1000.000000,1000.000000,0
72,316.560602,1.185225,182.086569,1.343803,1000.000000,1000.000000,0
73,37.174637,2.664725,110.120610,2.824419,1000.000000,1000.000000,0
74,178.328705,2.057318,169.797389,1.317948,1000.000000,1000.000000,0
75,255.490940,2.446043,148.022966,2.820721,1000.000000,1000.000000,0
76,284.931790,2.754754,214.956510,2.094972,1000.000000,1000.000000,0
77,268.787595,1.432316,277.630263,2.137325,1000.000000,1000.000000,0
78,17.970840,1.451894,132.497471,1.737839,1000.000000,1000.000000,0
79,260.781940,2.796388,49.581094,2.440137,1000.000000,1000.000000,0
80,267.103073,2.850506,284.179018,1.757965,1000.000000,1000.000000,0
81,84.773356,2.063050,261.009595,1.802811,1000.000000,1000.000000,0
82,108.531402,2.887211,65.823828,1.926667,1000.000000,1000.000000,0
83,251.614823,2.669954,215.970841,1.483570,1000.000000,1000.000000,0
84,73.192810,2.273142,53.728440,2.474684,1000.000000,1000.000000,0
85,15.588173,2.733929,55.724048,2.281599,1000.000000,1000.000000,0
86,76.849347,1.275189,110.963267,1.788055,1000.000000,1000.000000,0
87,94.182561,2.210989,253.569799,1.751035,1000.000000,1000.000000,0
88,161.056068,2.487387,167.909793,2.611261,1000.000000,1000.000000,0
89,77.411249,2.606180,264.659151,1.455600,1000.000000,1000.000000,0
90,252.095224,2.709768,241.082310,2.373782,1000.000000,1000.000000,0
91,176.277842,2.761294,215.365940,1.298451,1000.000000,1000.000000,0
92,123.832771,2.261409,60.546070,1.879475,1000.000000,1000.000000,0
93,19.204923,1.435510,123.791551,1.748085,1000.000000,1000.000000,0
94,303.427188,2.230419,327.351256,2.605760,1000.000000,1000.000000,0
95,189.868707,2.537666,43.305256,2.228118,1000.000000,1000.000000,0
96,76.849347,1.275189,110.963267,1.782048,1000.000000,1000.000000,0
97,313.264211,2.819655,328.793931,2.791700,1000.000000,1000.000000,0
98,191.444361,2.127998,205.064859,2.251007,1000.000000,1000.000000,0
99,133.589566,1.289723,68.071307,1.879466,1000.000000,1000.000000,0
100,32.237850,2.878033,278.177099,2.003932,1.540647,-2.878033,0
101,60.198240,2.120980,253.280352,1.789200,0.276967,-2.120980,1
102,93.956722,2.819431,172.564926,1.631477,1.038226,-2.819431,0
103,31.406394,2.878033,274.925139,2.013438,1.832943,-2.878033,0
104,164.798659,1.047402,220.185199,2.520672,0.542896,-1.047402,0
105,46.086258,2.001550,224.304274,1.281487,3.593786,-2.001550,0
106,52.282150,2.261409,60.546070,1.879475,6.808898,-2.261409,0
107,54.650992,1.740764,223.313950,2.125863,3.136589,-1.740764,0
108,46.086258,2.129313,225.089136,2.217918,3.610384,-2.129313,0
109,27.179996,2.129477,181.911811,2.598921,7.211808,-2.129477,0
110,44.852176,2.017934,223.397283,1.271241,3.818735,-2.017934,0
111,46.086258,2.001550,224.304274,2.128235,3.632658,-2.001550,0
112,60.428356,2.120980,176.778455,1.411371,4.931515,-2.120980,0
113,28.766159,2.127998,205.064859,2.251007,5.991577,-2.127998,0
114,61.767414,2.107046,175.141304,1.399964,4.902032,-2.107046,0
115,46.086258,1.971626,224.304274,2.112038,3.683072,-1.971626,0
116,61.259812,2.120980,175.141304,1.401865,4.947224,-2.120980,0
117,19.554123,2.127998,205.064859,2.251007,6.489368,-2.127998,0
118,138.944397,1.464309,168.139526,1.883886,4.633801,-1.464309,0
119,73.293503,1.740764,174.743176,1.552842,4.829624,-1.740764,0
120,60.428356,2.120980,171.889343,1.411371,5.160343,-2.120980,0
121,60.198240,2.120980,171.889343,1.789200,5.706955,-2.120980,0
122,54.288006,1.723014,176.654662,1.047048,5.255613,-1.723014,0
123,60.198240,2.120980,171.758617,1.789200,5.717111,-2.120980,0
124,54.288006,1.723014,171.765550,1.047048,5.485314,-1.723014,0
125,54.288006,1.740764,174.743176,1.552842,6.035025,-1.740764,0
126,45.723271,2.001550,175.733500,1.555215,6.279137,-2.001550,0
127,61.259812,2.112200,122.609301,1.396768,6.577533,-2.112200,0
128,53.780404,1.754698,174.743176,1.554744,6.075543,-1.754698,0
129,19.554123,2.000234,204.279998,1.314577,6.516715,-2.000234,0
130,54.288006,1.723014,175.170517,1.675066,6.150570,-1.723014,0
131,45.029677,1.914609,173.013008,2.106884,6.918000,-1.914609,0
132,51.093677,1.723014,175.170517,1.675066,6.322281,-1.723014,0
133,54.288006,1.723014,174.743176,2.795793,7.006282,-1.723014,0
134,52.277836,1.711104,174.743176,2.106800,6.691525,-1.711104,0
135,161.009374,1.108214,167.636236,2.610927,1000.000000,1000.000000,0
136,15.588173,2.733929,55.724048,2.281599,1000.000000,1000.000000,0
137,17.970840,1.451894,132.497471,1.737839,1000.000000,1000.000000,0
138,313.668991,2.811464,341.547570,2.791700,1000.000000,1000.000000,0
139,94.182561,2.210989,253.569799,1.751035,1000.000000,1000.000000,0
140,152.739201,2.696202,168.044411,2.611261,1000.000000,1000.000000,0
141,164.375553,1.022988,146.076465,2.135665,1000.000000,1000.000000,0
142,54.187313,2.273142,53.728440,2.474684,1000.000000,1000.000000,0
143,252.095224,1.470227,166.768880,1.878108,1000.000000,1000.000000,0
144,77.411249,2.606180,264.659151,1.455600,1000.000000,1000.000000,0
145,303.427188,2.230419,327.351256,2.605760,1000.000000,1000.000000,0
146,138.944397,2.703845,242.452956,2.379560,1000.000000,1000.000000,0
147,189.868707,2.537666,43.305256,2.228118,1000.000000,1000.000000,0
148,284.931790,2.754754,215.087235,2.094972,1000.000000,1000.000000,0
149,164.845353,2.431000,194.710246,2.332970,1000.000000,1000.000000,0
150,32.237850,2.878033,278.177099,2.003932,1.540647,-2.878033,0
151,60.198240,2.120980,253.280352,1.789200,0.276967,-2.120980,1
152,93.956722,2.819431,172.564926,1.631477,1.038226,-2.819431,0
153,31.406394,2.878033,274.925139,2.013438,1.832943,-2.878033,0
154,164.798659,1.047402,220.185199,2.520672,0.542896,-1.047402,0
155,164.798659,1.047433,220.185199,2.520672,0.547553,-1.047433,0
156,31.406394,2.878033,274.925139,1.982133,1.866250,-2.878033,0
157,32.237850,2.878033,172.358429,2.003932,7.013020,-2.878033,0
158,51.128783,2.128666,224.748248,2.250365,3.268714,-2.128666,0
159,73.293503,1.740764,220.996666,2.123632,2.016426,-1.740764,0
160,46.086258,2.129313,225.059330,2.217918,3.552952,-2.129313,0
161,54.288006,2.815876,171.740113,1.047048,4.555468,-2.815876,0
162,46.315258,1.938880,229.057574,1.799722,3.287188,-1.938880,0
163,54.650992,1.740764,223.313950,2.125863,3.136589,-1.740764,0
164,54.657191,1.731533,223.313950,1.797004,3.072644,-1.731533,0
165,46.086258,2.001550,224.304274,1.281487,3.593786,-2.001550,0
166,46.086258,2.129313,225.089136,2.217918,3.610384,-2.129313,0
167,52.282150,2.261409,60.546070,1.879475,6.808898,-2.261409,0
168,54.650992,1.740764,223.343755,2.125863,3.151386,-1.740764,0
169,28.766159,2.127998,205.064859,2.251007,5.991577,-2.127998,0
170,61.777054,2.107046,175.141304,1.382893,4.830717,-2.107046,0
171,61.681928,2.121094,176.778455,1.411123,4.841890,-2.121094,0
172,60.198240,2.127413,175.274869,1.789200,5.480000,-2.127413,0
173,46.086258,2.104948,223.857005,1.281487,3.615848,-2.104948,0
174,27.179996,2.129477,181.911811,2.598921,7.211808,-2.129477,0
175,93.956722,1.726536,172.590363,1.631477,3.571326,-1.726536,0
176,19.554123,2.127998,205.064859,2.251007,6.489368,-2.127998,0
177,60.428356,2.120980,176.778455,1.411371,4.931515,-2.120980,0
178,61.767414,2.107046,175.141304,1.399964,4.902032,-2.107046,0
179,46.086258,2.001550,224.304274,2.128235,3.632658,-2.001550,0
180,44.852176,2.019728,223.397283,1.271241,3.807476,-2.019728,0
181,46.086258,2.009027,222.483967,2.128235,3.776717,-2.009027,0
182,61.259812,2.120980,175.141304,1.401865,4.947224,-2.120980,0
183,60.502267,2.119821,176.736049,1.419485,4.946043,-2.119821,0
184,46.086258,1.971626,224.304274,2.117591,3.667361,-1.971626,0
185,44.852176,2.017934,223.397283,1.271241,3.818735,-2.017934,0
186,60.428356,2.120980,171.889343,1.322818,5.016729,-2.120980,0
187,46.086258,1.971626,224.304274,2.112038,3.683072,-1.971626,0
188,29.916694,1.981399,224.304274,1.281487,4.960985,-1.981399,0
189,60.428356,2.120980,171.889343,1.411371,5.160343,-2.120980,0
190,60.513843,2.106932,175.158532,1.400211,5.033346,-2.106932,0
191,73.293503,1.740764,174.743176,1.552842,4.829624,-1.740764,0
192,138.944397,1.464309,168.139526,1.878332,4.599915,-1.464309,0
193,60.198240,2.120980,171.889343,1.789200,5.706955,-2.120980,0
194,61.377561,2.110855,175.732582,1.692575,5.297314,-2.110855,0
195,54.288006,1.723014,176.654662,1.047048,5.255613,-1.723014,0
196,138.944397,1.464309,168.139526,1.883886,4.633801,-1.464309,0
197,60.198240,2.120980,171.758617,1.789200,5.717111,-2.120980,0
198,54.288006,1.723014,176.654662,1.079936,5.312413,-1.723014,0
199,54.214095,1.724173,171.807956,1.039078,5.490848,-1.724173,0
200,32.237850,2.878033,278.177099,2.003932,1.540647,-2.878033,0
201,60.198240,2.120980,253.280352,1.789200,0.276967,-2.120980,1
202,93.956722,2.819431,172.564926,1.415354,0.403684,-2.819431,0
203,32.237850,2.890777,172.358429,2.003932,7.034074,-2.890777,0
204,45.959518,2.878034,225.089136,2.220425,3.605878,-2.878034,0
205,31.406394,2.878033,274.925139,2.013438,1.832943,-2.878033,0
206,31.406394,2.877838,276.284175,2.013438,1.739834,-2.877838,0
207,93.956722,2.819431,172.564926,1.631477,1.038226,-2.819431,0
208,164.798659,1.047402,220.185199,2.520672,0.542896,-1.047402,0
209,164.798659,1.047433,220.185199,2.520672,0.547553,-1.047433,0
210,52.282150,2.260626,254.696826,1.879475,0.947688,-2.260626,0
211,82.141717,2.254594,224.304274,2.117591,0.681027,-2.254594,0
212,32.364590,2.129289,278.177099,2.001425,0.565832,-2.129289,0
213,31.406394,2.878033,274.925139,1.982133,1.866250,-2.878033,0
214,46.315258,1.065370,244.520966,1.799722,1.668399,-1.065370,0
215,167.443072,1.047402,220.185199,2.520672,0.636865,-1.047402,0
216,73.293503,1.740764,220.996666,2.123632,2.016426,-1.740764,0
217,53.997024,2.824108,223.313950,1.797004,2.942742,-2.824108,0
218,60.198240,2.122169,223.989468,1.789200,2.480090,-2.122169,0
219,60.428356,2.120980,226.742822,1.621638,2.195869,-2.120980,0
220,13.367893,2.878033,278.177099,2.003932,3.479752,-2.878033,0
221,96.489532,1.038705,220.185199,1.628752,1.036276,-1.038705,0
222,54.657191,2.131656,223.313950,1.797004,2.980004,-2.131656,0
223,93.956722,2.119512,171.723965,1.635509,2.568516,-2.119512,0
224,32.237850,2.878033,172.358429,2.003932,7.013020,-2.878033,0
225,54.288006,2.815876,171.740113,1.047048,4.555468,-2.815876,0
226,54.650992,2.201463,205.217146,2.125863,4.334336,-2.201463,0
227,31.406394,2.821295,170.619687,1.624252,6.948429,-2.821295,0
228,60.198240,2.820898,172.599579,1.785168,5.057025,-2.820898,0
229,51.233014,2.128666,224.762900,2.250365,3.263310,-2.128666,0
230,46.086258,2.129313,225.059330,2.200142,3.549862,-2.129313,0
231,54.650992,1.740764,223.313950,2.125863,3.136589,-1.740764,0
232,54.657191,1.731533,223.313950,1.797004,3.072644,-1.731533,0
233,60.370070,1.730175,222.009256,1.789200,2.713333,-1.730175,0
234,61.259812,2.266878,175.141304,1.408842,4.788979,-2.266878,0
235,36.770856,2.144107,223.397283,1.271241,4.450035,-2.144107,0
236,51.128783,2.128666,224.748248,2.250365,3.268714,-2.128666,0
237,46.086258,2.129313,225.059330,2.217918,3.552952,-2.129313,0
238,54.650992,1.740764,223.343755,2.125863,3.151386,-1.740764,0
239,52.282150,2.261409,60.546070,1.879475,6.808898,-2.261409,0
240,46.315258,1.938880,229.057574,1.799722,3.287188,-1.938880,0
241,45.982027,2.129313,225.074483,2.217918,3.577381,-2.129313,0
242,46.352049,1.981399,224.304274,1.311544,3.555076,-1.981399,0
243,54.650992,1.740764,223.343755,2.364497,3.196433,-1.740764,0
244,52.495067,2.235254,60.546070,1.897251,6.997508,-2.235254,0
245,46.086258,2.001550,224.304274,1.281487,3.593786,-2.001550,0
246,46.086258,2.129313,225.089136,2.217918,3.610384,-2.129313,0
247,93.956722,1.726536,172.590363,1.631477,3.571326,-1.726536,0
248,27.179996,2.129477,181.911811,2.598921,7.211808,-2.129477,0
249,46.086258,2.104948,223.857005,1.281487,3.615848,-2.104948,0
250,60.198240,2.120980,253.280352,1.789200,0.276967,-2.120980,1
251,93.956722,2.819431,172.564926,1.415354,0.403684,-2.819431,0
252,32.237850,2.890777,172.358429,2.003932,7.034074,-2.890777,0
253,45.959518,2.878034,225.089136,2.220425,3.605878,-2.878034,0
254,45.811683,2.878033,273.070702,1.982133,0.499287,-2.878033,0
255,15.793779,2.879126,278.177099,1.412524,4.337100,-2.879126,0
256,32.237850,2.878033,278.177099,2.003932,1.540647,-2.878033,0
257,93.956722,2.819431,172.564926,1.631477,1.038226,-2.819431,0
258,164.798659,1.047433,220.185199,2.520672,0.547553,-1.047433,0
259,52.282150,2.260626,254.696826,1.879475,0.947688,-2.260626,0
260,32.364590,2.129289,278.177099,2.001425,0.565832,-2.129289,0
261,164.798659,1.047402,220.185199,2.516932,0.512759,-1.047402,0
262,82.141717,2.254594,224.304274,2.121331,0.667288,-2.254594,0
263,31.406394,2.877838,276.284175,2.013438,1.739834,-2.877838,0
264,31.158504,2.878033,275.758392,2.013438,1.762700,-2.878033,0
265,52.612173,2.296223,244.520966,1.799722,1.658502,-2.296223,0
266,46.672593,2.120980,264.879506,1.789200,0.634149,-2.120980,0
267,164.798659,1.047402,220.185199,2.520672,0.542896,-1.047402,0
268,159.881894,1.042803,220.185199,2.520672,0.525674,-1.042803,0
269,82.141717,2.254594,224.304274,2.117591,0.681027,-2.254594,0
270,31.406394,2.878033,274.925139,2.013438,1.832943,-2.878033,0
271,167.443072,1.047402,220.185199,2.520672,0.636865,-1.047402,0
272,95.652929,2.203588,205.217146,2.125863,1.085883,-2.203588,0
273,31.406394,2.878033,274.925139,1.982133,1.866250,-2.878033,0
274,96.489532,1.038705,220.185199,1.628752,1.036276,-1.038705,0
275,46.141704,1.065370,246.760408,1.798811,1.404388,-1.065370,0
276,73.293503,1.740764,220.996666,2.123632,2.016426,-1.740764,0
277,32.237850,2.878033,270.507128,2.003932,2.055387,-2.878033,0
278,46.315258,1.065370,244.520966,1.799722,1.668399,-1.065370,0
279,13.367893,2.878033,278.177099,2.003932,3.479752,-2.878033,0
280,60.198240,2.836629,227.590402,1.789200,2.067395,-2.836629,0
281,32.237850,2.878033,172.358429,2.003932,7.013020,-2.878033,0
282,31.406394,2.877838,225.335421,2.020953,4.751866,-2.877838,0
283,53.997024,2.824108,223.313950,1.797004,2.942742,-2.824108,0
284,60.198240,2.122169,223.989468,1.789200,2.480090,-2.122169,0
285,60.428356,2.120980,226.742822,1.621638,2.195869,-2.120980,0
286,91.533036,2.656087,172.564926,2.006762,2.655239,-2.656087,0
287,93.956722,2.819431,172.564926,2.350020,2.933955,-2.819431,0
288,32.411404,2.878033,170.118987,2.004842,7.068977,-2.878033,0
289,60.198240,2.820898,172.599579,1.785168,5.057025,-2.820898,0
290,27.258766,2.822519,181.788863,1.797004,6.912123,-2.822519,0
291,93.956722,2.119512,171.723965,1.635509,2.568516,-2.119512,0
292,54.657191,2.142765,224.643292,1.795349,2.900083,-2.142765,0
293,54.288006,2.815876,171.740113,1.047048,4.555468,-2.815876,0
294,13.367893,2.748586,278.177099,2.003932,3.235715,-2.748586,0
295,46.468611,2.262327,230.419423,1.879155,3.220679,-2.262327,0
296,60.370070,1.730175,222.009256,1.789200,2.713333,-1.730175,0
297,31.406394,2.821295,170.619687,1.624252,6.948429,-2.821295,0
298,54.960331,2.820898,172.406124,1.785168,5.443512,-2.820898,0
299,61.259812,2.266878,175.141304,1.408842,4.788979,-2.266878,0
300,60.198240,2.120980,253.280352,1.789200,0.276967,-2.120980,1
301,93.956722,2.819431,172.564926,1.415354,0.403684,-2.819431,0
302,32.237850,2.938189,270.507128,2.021888,2.062783,-2.938189,0
303,95.743580,2.878152,171.290026,1.532342,0.447515,-2.878152,0
304,82.141717,2.254594,224.304274,1.818762,0.395324,-2.254594,0
305,32.364590,2.879233,278.177099,2.003905,1.548141,-2.879233,0
306,95.652929,2.751073,203.615537,2.125863,0.412730,-2.751073,0
307,32.237850,2.890777,172.358429,2.003932,7.034074,-2.890777,0
308,32.237850,2.915714,172.358429,2.345139,7.153253,-2.915714,0
309,60.370070,2.890469,222.009256,1.997326,2.438038,-2.890469,0
310,46.009516,2.878033,273.091444,1.982133,0.467999,-2.878033,0
311,45.959518,2.878034,225.089136,2.220425,3.605878,-2.878034,0
312,15.793779,2.879126,278.177099,1.412524,4.337100,-2.879126,0
313,45.811683,2.878033,273.070702,1.982133,0.499287,-2.878033,0
314,32.237850,2.878033,278.177099,2.003932,1.540647,-2.878033,0
315,93.956722,2.819431,172.564926,1.631477,1.038226,-2.819431,0
316,164.798659,1.047433,220.185199,2.520672,0.547553,-1.047433,0
317,52.282150,2.260626,254.696826,1.879475,0.947688,-2.260626,0
318,32.364590,2.129289,278.177099,2.001425,0.565832,-2.129289,0
319,164.798659,1.047402,220.185199,2.516932,0.512759,-1.047402,0
320,82.141717,2.254594,224.304274,2.121331,0.667288,-2.254594,0
321,32.237850,2.824395,278.985904,2.003932,1.405107,-2.824395,0
322,91.533036,2.656087,172.564926,1.408163,0.994324,-2.656087,0
323,32.040017,2.878033,278.156357,2.003932,1.542769,-2.878033,0
324,93.956722,2.772810,172.564926,1.631477,1.173458,-2.772810,0
325,32.364590,2.129289,278.177099,1.998438,0.588793,-2.129289,0
326,31.406394,1.717208,274.925139,1.805313,0.584918,-1.717208,0
327,164.798659,1.047402,220.185199,2.520672,0.542896,-1.047402,0
328,159.881894,1.042803,220.185199,2.520672,0.525674,-1.042803,0
329,82.141717,2.254594,224.304274,2.117591,0.681027,-2.254594,0
330,31.406394,2.877838,276.284175,2.013438,1.739834,-2.877838,0
331,31.158504,2.878033,275.758392,2.013438,1.762700,-2.878033,0
332,32.176725,2.838000,272.164763,2.119685,1.725161,-2.838000,0
333,52.612173,2.296223,244.520966,1.799722,1.658502,-2.296223,0
334,32.237850,2.128061,278.177099,2.001452,0.618394,-2.128061,0
335,168.591898,1.047402,220.185199,2.513234,0.613451,-1.047402,0
336,95.652929,2.203588,205.217146,2.125863,1.085883,-2.203588,0
337,32.195291,2.187061,278.034372,1.870226,0.904993,-2.187061,0
338,31.406394,2.878033,274.925139,2.013438,1.832943,-2.878033,0
339,32.237850,2.837172,273.526034,2.003932,1.737242,-2.837172,0
340,46.672593,2.120980,264.879506,1.789200,0.634149,-2.120980,0
341,60.428356,2.178551,236.855503,1.621638,1.494358,-2.178551,0
342,31.406394,2.878033,274.925139,1.982133,1.866250,-2.878033,0
343,29.619539,2.819311,276.200040,2.046025,1.839975,-2.819311,0
344,167.443072,1.047402,220.185199,2.520672,0.636865,-1.047402,0
345,46.141704,1.065370,246.760408,1.798811,1.404388,-1.065370,0
346,45.166570,2.120980,253.280352,1.789200,1.613804,-2.120980,0
347,167.443072,1.047402,220.185199,2.519498,0.643441,-1.047402,0
348,32.237850,2.878033,270.507128,2.003932,2.055387,-2.878033,0
349,46.620818,1.065370,246.760408,1.798811,1.416507,-1.065370,0
350,60.198240,2.120980,253.280352,1.789200,0.276967,-2.120980,1
351,95.743580,2.878152,171.290026,1.532342,0.447515,-2.878152,0
352,46.672593,2.889344,264.879506,1.786557,1.068684,-2.889344,0
353,32.237850,2.938189,273.077958,2.341326,1.502980,-2.938189,0
354,95.743580,2.878031,171.290026,1.532342,0.436316,-2.878031,0
355,32.237850,2.938665,270.507128,2.021888,2.058551,-2.938665,0
356,45.817162,2.831200,273.526034,2.003932,0.348006,-2.831200,0
357,46.009516,2.878033,273.091444,1.967900,0.455487,-2.878033,0
358,31.646207,2.878034,279.731318,2.220425,1.138959,-2.878034,0
359,32.810760,2.880156,278.177099,2.003932,1.528185,-2.880156,0
360,32.364590,2.878758,278.177099,2.003905,1.524733,-2.878758,0
361,52.612173,2.899139,244.520966,1.802720,1.722727,-2.899139,0
362,32.237850,2.938189,270.507128,2.021888,2.062783,-2.938189,0
363,93.956722,2.819431,172.564926,1.415354,0.403684,-2.819431,0
364,82.141717,2.254594,224.304274,1.818762,0.395324,-2.254594,0
365,164.718037,1.047402,220.185199,2.419013,0.386890,-1.047402,0
366,46.009516,2.878033,273.091444,1.982133,0.467999,-2.878033,0
367,32.364590,2.879233,278.177099,2.003905,1.548141,-2.879233,0
368,32.237850,2.890777,172.358429,2.003932,7.034074,-2.890777,0
369,60.370070,2.890469,222.009256,1.997326,2.438038,-2.890469,0
370,32.237850,2.915714,169.787599,2.025701,7.077150,-2.915714,0
371,95.652929,2.751073,203.615537,2.125863,0.412730,-2.751073,0
372,45.811683,2.878033,273.070702,1.982133,0.499287,-2.878033,0
373,31.406394,2.878154,274.925139,2.013438,1.782490,-2.878154,0
374,15.793779,2.879126,278.177099,1.412524,4.337100,-2.879126,0
375,15.793779,2.883053,224.949111,1.402631,6.164747,-2.883053,0
376,32.237850,2.915714,172.358429,2.345139,7.153253,-2.915714,0
377,93.956722,2.819431,172.564926,1.631477,1.038226,-2.819431,0
378,52.282150,2.260626,254.696826,1.879475,0.947688,-2.260626,0
379,91.533036,2.656087,172.564926,1.408163,0.994324,-2.656087,0
380,75.573246,2.878033,221.116209,2.172657,1.187706,-2.878033,0
381,47.011863,2.146119,265.523041,1.789200,0.541640,-2.146119,0
382,82.217930,2.254594,224.304274,2.115481,0.662773,-2.254594,0
383,164.798659,1.047402,220.185199,2.516786,0.510499,-1.047402,0
384,45.959518,2.878034,225.089136,2.220425,3.605878,-2.878034,0
385,11.561740,2.879126,278.177099,1.412524,4.762778,-2.879126,0
386,93.956722,2.772810,172.564926,1.631477,1.173458,-2.772810,0
387,32.237850,2.878033,278.177099,2.003932,1.540647,-2.878033,0
388,34.637726,2.824395,278.985904,2.003932,1.211224,-2.824395,0
389,164.798659,1.047433,220.185199,2.520672,0.547553,-1.047433,0
390,32.364590,2.129289,278.177099,2.001425,0.565832,-2.129289,0
391,82.141717,2.254594,224.304274,2.121331,0.667288,-2.254594,0
392,164.798659,1.047402,220.185199,2.516932,0.512759,-1.047402,0
393,32.040017,2.878033,278.156357,2.003932,1.542769,-2.878033,0
394,32.237850,2.824395,278.985904,2.003932,1.405107,-2.824395,0
395,32.364590,2.129289,278.177099,1.998438,0.588793,-2.129289,0
396,31.406394,1.717208,274.925139,1.805313,0.584918,-1.717208,0
397,82.141717,2.254594,224.304274,2.117591,0.681027,-2.254594,0
398,164.798659,1.047402,220.185199,2.520672,0.542896,-1.047402,0
399,159.881894,1.042803,220.185199,2.520672,0.525674,-1.042803,0
400,60.198240,2.120980,253.280352,1.789200,0.276967,-2.120980,1
401,95.743580,2.878152,171.290026,1.532342,0.447515,-2.878152,0
402,32.237850,2.938189,273.077958,2.341326,1.502980,-2.938189,0
403,32.237850,2.938665,270.507128,2.021888,2.058551,-2.938665,0
404,45.817162,2.831200,273.526034,2.003932,0.348006,-2.831200,0
405,59.509517,2.138915,253.133078,1.789200,0.287965,-2.138915,1
406,95.743580,2.878033,171.290026,1.531007,0.405204,-2.878033,0
407,60.198240,2.888799,253.280352,1.385889,0.547531,-2.888799,0
408,46.072928,2.878033,273.091444,2.002393,0.415329,-2.878033,0
409,32.237850,2.915714,280.838261,2.025701,1.322379,-2.915714,0
410,46.672593,2.889344,271.130657,1.786557,0.717565,-2.889344,0
411,31.646207,2.890478,279.731318,2.219061,1.228966,-2.890478,0
412,32.237850,2.938189,270.507128,2.021888,2.062783,-2.938189,0
413,93.956722,2.819431,172.564926,1.415354,0.403684,-2.819431,0
414,82.141717,2.256327,224.946286,1.818762,0.386010,-2.256327,0
415,82.804325,2.254594,224.304274,1.818762,0.382329,-2.254594,0
416,46.009516,2.878031,273.091444,1.969235,0.412338,-2.878031,0
417,46.009516,2.878033,273.091444,1.967900,0.455487,-2.878033,0
418,52.612173,2.899139,244.520966,1.802720,1.722727,-2.899139,0
419,46.672593,2.889344,264.879506,1.786557,1.068684,-2.889344,0
420,75.573246,2.878219,222.487065,2.172657,1.039067,-2.878219,0
421,32.237850,2.938189,264.255977,2.021888,2.426358,-2.938189,0
422,82.141717,2.254594,224.304274,1.818762,0.395324,-2.254594,0
423,164.718037,1.047402,220.185199,2.419013,0.386890,-1.047402,0
424,95.743580,2.878031,171.290026,1.532342,0.436316,-2.878031,0
425,95.652929,2.751073,203.615537,2.125863,0.412730,-2.751073,0
426,46.009516,2.878033,273.091444,1.982133,0.467999,-2.878033,0
427,32.237850,2.890777,273.208189,2.003932,1.838008,-2.890777,0
428,46.672593,2.889158,263.508649,1.786557,1.247433,-2.889158,0
429,31.646207,2.878034,279.731318,2.220425,1.138959,-2.878034,0
430,6.601451,2.913076,270.507128,2.007002,4.441202,-2.913076,0
431,32.031990,2.915714,172.358429,1.981884,7.072894,-2.915714,0
432,45.811683,2.878033,273.070702,1.982133,0.499287,-2.878033,0
433,60.370070,2.890469,222.009256,1.997326,2.438038,-2.890469,0
434,32.810760,2.880156,278.177099,2.003932,1.528185,-2.880156,0
435,32.364590,2.878758,278.177099,2.003905,1.524733,-2.878758,0
436,32.237850,2.890777,172.358429,2.003932,7.034074,-2.890777,0
437,32.237850,2.915714,169.787599,2.025701,7.077150,-2.915714,0
438,93.956722,2.819431,172.564926,1.631477,1.038226,-2.819431,0
439,52.282150,2.260626,254.696826,1.879475,0.947688,-2.260626,0
440,91.533036,2.656087,172.564926,1.408163,0.994324,-2.656087,0
441,75.573246,2.878033,221.116209,2.172657,1.187706,-2.878033,0
442,47.011863,2.146119,265.523041,1.789200,0.541640,-2.146119,0
443,82.217930,2.254594,224.304274,2.115481,0.662773,-2.254594,0
444,164.798659,1.047402,220.185199,2.516786,0.510499,-1.047402,0
445,31.646207,2.254546,278.128949,2.220425,0.560017,-2.254546,0
446,15.793779,2.883053,224.949111,1.402631,6.164747,-2.883053,0
447,32.364590,2.879233,278.177099,2.003905,1.548141,-2.879233,0
448,164.798659,1.047402,220.185199,2.516932,0.512759,-1.047402,0
449,32.237850,2.915714,172.358429,2.345139,7.153253,-2.915714,0
450,32.237850,2.938189,273.077958,2.341326,1.502980,-2.938189,0
451,46.072928,2.878685,273.091444,2.006584,0.426032,-2.878685,0
452,45.817162,2.861487,275.473325,2.000724,0.248339,-2.861487,1
453,46.009516,2.878033,276.106682,1.982133,0.263614,-2.878033,1
454,32.250398,2.938960,270.507128,2.021888,2.049560,-2.938960,0
455,45.655593,2.916370,273.091444,1.967900,0.525067,-2.916370,0
456,32.237850,2.938189,273.066414,2.021888,1.907089,-2.938189,0
457,95.743580,2.878152,171.290026,1.532342,0.447515,-2.878152,0
458,60.198240,2.120980,253.280352,1.789200,0.276967,-2.120980,1
459,45.817162,2.831200,273.526034,2.003932,0.348006,-2.831200,0
460,59.509517,2.138915,253.133078,1.789200,0.287965,-2.138915,1
461,95.743580,2.878033,171.290026,1.531007,0.405204,-2.878033,0
462,46.072928,2.878033,273.091444,2.002393,0.415329,-2.878033,0
463,94.563423,2.819431,170.570717,1.419516,0.311761,-2.819431,0
464,32.237850,2.938665,270.507128,2.021888,2.058551,-2.938665,0
465,60.198240,2.888799,253.280352,1.385889,0.547531,-2.888799,0
466,45.998867,2.915714,266.172359,2.357386,0.675644,-2.915714,0
467,46.009516,2.878031,273.091444,1.969235,0.412338,-2.878031,0
468,46.009516,2.878033,273.091444,1.967900,0.455487,-2.878033,0
469,93.956722,2.819431,172.564926,1.415354,0.403684,-2.819431,0
470,82.141717,2.256327,224.946286,1.818762,0.386010,-2.256327,0
471,82.804325,2.254594,224.304274,1.818762,0.382329,-2.254594,0
472,93.956722,2.818779,172.564926,1.411163,0.391827,-2.818779,0
473,32.237850,2.938189,270.507128,2.021888,2.062783,-2.938189,0
474,32.237850,2.915714,280.838261,2.025701,1.322379,-2.915714,0
475,46.672593,2.889344,271.130657,1.786557,0.717565,-2.889344,0
476,46.672593,2.913511,270.558750,1.786557,0.770768,-2.913511,0
477,46.567339,2.900061,270.758430,1.818762,0.734060,-2.900061,0
478,95.743580,2.878031,171.290026,1.532342,0.436316,-2.878031,0
479,46.009516,2.878033,273.091444,1.982133,0.467999,-2.878033,0
480,164.718037,1.047402,220.185199,2.419013,0.386890,-1.047402,0
481,82.141717,2.254594,224.304274,1.818762,0.395324,-2.254594,0
482,95.652929,2.751073,203.615537,2.125863,0.412730,-2.751073,0
483,32.237850,2.938189,264.255977,2.021888,2.426358,-2.938189,0
484,60.370070,2.936048,222.009256,1.998241,2.425022,-2.936048,0
485,31.646207,2.890478,279.731318,2.219061,1.228966,-2.890478,0
486,52.612173,2.899139,244.520966,1.802720,1.722727,-2.899139,0
487,46.672593,2.889344,264.879506,1.786557,1.068684,-2.889344,0
488,75.573246,2.878219,222.487065,2.172657,1.039067,-2.878219,0
489,45.811683,2.878033,273.070702,1.982133,0.499287,-2.878033,0
490,82.545423,2.212797,224.281505,1.819864,0.422490,-2.212797,0
491,45.749355,2.938189,233.174749,2.019926,3.107852,-2.938189,0
492,60.628973,2.931832,222.032024,1.996223,2.438131,-2.931832,0
493,32.237850,2.890777,273.208189,2.003932,1.838008,-2.890777,0
494,46.672593,2.889158,263.508649,1.786557,1.247433,-2.889158,0
495,46.672593,2.889344,257.596072,1.786557,1.522706,-2.889344,0
496,31.646207,2.878034,279.731318,2.220425,1.138959,-2.878034,0
497,164.798659,1.047402,220.185199,2.516786,0.510499,-1.047402,0
498,32.031990,2.915714,172.358429,1.981884,7.072894,-2.915714,0
499,6.601451,2.913076,270.507128,2.007002,4.441202,-2.913076,0
500,45.817162,2.861487,275.473325,2.000724,0.248339,-2.861487,1
501,95.150845,2.818779,172.560288,1.411163,0.181938,-2.818779,1
502,60.198240,2.888809,253.280352,1.974087,0.346642,-2.888809,0
503,32.237850,2.947581,270.507128,2.021888,2.026805,-2.947581,0
504,60.198240,2.942647,253.280352,1.789200,0.462940,-2.942647,0
505,46.009516,2.888700,276.106682,1.982133,0.260199,-2.888700,1
506,60.520626,2.253714,253.854507,1.789438,0.213144,-2.253714,1
507,45.655593,2.916370,273.091444,1.967900,0.525067,-2.916370,0
508,45.819695,2.941693,273.070702,1.982133,0.562856,-2.941693,0
509,46.072928,2.878685,273.091444,2.006584,0.426032,-2.878685,0
510,46.009516,2.878033,276.106682,1.982133,0.263614,-2.878033,1
511,46.010567,2.878692,273.091444,2.007596,0.489799,-2.878692,0
512,60.198240,2.888799,253.280352,1.385889,0.547531,-2.888799,0
513,32.250398,2.938960,270.507128,2.021888,2.049560,-2.938960,0
514,45.998867,2.915714,266.172359,2.357386,0.675644,-2.915714,0
515,45.791025,2.919209,273.091444,1.699516,0.859027,-2.919209,0
516,46.062107,2.938757,254.588547,2.089347,1.674895,-2.938757,0
517,31.646207,2.938619,279.731318,2.219061,1.258159,-2.938619,0
518,95.743580,2.878152,171.290026,1.532342,0.447515,-2.878152,0
519,60.198240,2.120980,253.280352,1.789200,0.276967,-2.120980,1
520,45.817162,2.831200,273.526034,2.003932,0.348006,-2.831200,0
521,59.509517,2.138915,253.133078,1.789200,0.287965,-2.138915,1
522,95.743580,2.878033,171.290026,1.531007,0.405204,-2.878033,0
523,46.072928,2.878033,273.091444,2.002393,0.415329,-2.878033,0
524,94.563423,2.819431,170.570717,1.419516,0.311761,-2.819431,0
525,45.947975,2.886910,266.172359,2.357386,0.641185,-2.886910,0
526,46.672593,2.889344,271.130657,1.786557,0.717565,-2.889344,0
527,46.672593,2.913511,270.558750,1.786557,0.770768,-2.913511,0
528,46.567339,2.900061,270.758430,1.818762,0.734060,-2.900061,0
529,45.997825,2.915714,266.284455,1.806412,1.142781,-2.915714,0
530,32.237850,2.938665,270.507128,2.021888,2.058551,-2.938665,0
531,32.237850,2.938189,273.077958,2.341326,1.502980,-2.938189,0
532,46.009516,2.878031,273.091444,1.969235,0.412338,-2.878031,0
533,46.009516,2.878033,273.091444,1.967900,0.455487,-2.878033,0
534,93.956722,2.819431,172.564926,1.415354,0.403684,-2.819431,0
535,82.141717,2.256327,224.946286,1.818762,0.386010,-2.256327,0
536,82.804325,2.254594,224.304274,1.818762,0.382329,-2.254594,0
537,93.956722,2.818779,172.564926,1.411163,0.391827,-2.818779,0
538,82.668893,2.251657,224.304274,1.818762,0.345420,-2.251657,0
539,46.672593,2.889344,264.879506,1.786557,1.068684,-2.889344,0
540,75.573246,2.878219,222.487065,2.172657,1.039067,-2.878219,0
541,32.237850,2.915714,280.838261,2.025701,1.322379,-2.915714,0
542,31.646207,2.890478,279.731318,2.219061,1.228966,-2.890478,0
543,32.237850,2.938189,273.077958,2.311171,1.527046,-2.938189,0
544,95.743580,2.878031,171.290026,1.532342,0.436316,-2.878031,0
545,46.009516,2.878033,273.091444,1.982133,0.467999,-2.878033,0
546,82.141717,2.254594,224.304274,1.818762,0.395324,-2.254594,0
547,94.614315,2.817982,170.570717,1.419516,0.404119,-2.817982,0
548,164.718037,1.047402,220.185199,2.419013,0.386890,-1.047402,0
549,32.237850,2.938189,273.066414,2.021888,1.907089,-2.938189,0
550,60.198240,2.942647,253.280352,1.789200,0.462940,-2.942647,0
551,82.037077,2.831200,224.564300,2.003932,0.176254,-2.831200,1
552,46.009516,2.961307,273.091444,2.036228,0.463543,-2.961307,0
553,46.725486,2.936202,276.106682,1.981665,0.224476,-2.936202,1
554,95.150845,2.818779,172.560288,1.411163,0.181938,-2.818779,1
555,45.819695,2.956872,273.070702,1.982133,0.519292,-2.956872,0
556,45.817162,2.861487,275.473325,2.000724,0.248339,-2.861487,1
557,46.009516,2.888700,276.106682,1.982133,0.260199,-2.888700,1
558,45.817162,2.915100,275.473325,2.000724,0.283932,-2.915100,1
559,60.520626,2.253714,253.854507,1.789438,0.213144,-2.253714,1
560,32.237850,2.947581,270.507128,2.021888,2.026805,-2.947581,0
561,45.655593,2.916370,273.091444,1.967900,0.525067,-2.916370,0
562,45.819695,2.941693,273.070702,1.982133,0.562856,-2.941693,0
563,46.009516,2.878033,276.106682,1.982133,0.263614,-2.878033,1
564,60.198240,2.888809,253.280352,1.974087,0.346642,-2.888809,0
565,60.198240,2.902086,253.280352,1.974087,0.349185,-2.902086,0
566,60.198240,2.902604,253.335896,1.981947,0.393437,-2.902604,0
567,32.237850,2.947507,270.457239,2.025722,2.069498,-2.947507,0
568,45.998866,2.915714,266.172359,2.357386,0.627858,-2.915714,0
569,46.027782,2.938960,270.507128,2.021888,0.683741,-2.938960,0
570,60.198240,2.120980,253.280352,1.789200,0.276967,-2.120980,1
571,59.509517,2.138915,253.133078,1.789200,0.287965,-2.138915,1
572,94.563423,2.819431,170.570717,1.419516,0.311761,-2.819431,0
573,60.198240,2.888809,253.280352,2.333702,0.347405,-2.888809,0
574,94.639433,2.939759,172.560288,2.325495,2.660046,-2.939759,0
575,45.998867,2.915714,266.172359,2.357386,0.675644,-2.915714,0
576,32.250398,2.938960,270.507128,2.021888,2.049560,-2.938960,0
577,46.062107,2.938757,254.588547,2.089347,1.674895,-2.938757,0
578,31.646207,2.938619,279.731318,2.219061,1.258159,-2.938619,0
579,45.791025,2.919209,273.112113,1.699516,0.856484,-2.919209,0
580,82.668893,2.251657,224.304274,1.818762,0.345420,-2.251657,0
581,46.072928,2.878685,273.091444,2.006584,0.426032,-2.878685,0
582,46.010567,2.878692,273.091444,2.007596,0.489799,-2.878692,0
583,60.198240,2.888799,253.280352,1.385889,0.547531,-2.888799,0
584,45.817162,2.831200,273.526034,2.003932,0.348006,-2.831200,0
585,95.743580,2.878033,171.290026,1.531007,0.405204,-2.878033,0
586,46.072928,2.878033,273.091444,2.002393,0.415329,-2.878033,0
587,46.672593,2.889344,271.130657,1.786557,0.717565,-2.889344,0
588,46.672593,2.913511,270.558750,1.786557,0.770768,-2.913511,0
589,46.567339,2.900061,270.758430,1.818762,0.734060,-2.900061,0
590,32.199587,2.938960,265.870189,2.021888,2.379419,-2.938960,0
591,32.237850,2.938665,270.507128,2.021888,2.058551,-2.938665,0
592,31.646207,2.938619,279.710649,2.219061,1.265911,-2.938619,0
593,45.791025,2.919209,273.091444,1.699516,0.859027,-2.919209,0
594,95.743580,2.878152,171.290026,1.532342,0.447515,-2.878152,0
595,45.947975,2.886910,266.172359,2.357386,0.641185,-2.886910,0
596,93.956722,2.819431,172.564926,1.415354,0.403684,-2.819431,0
597,93.956722,2.818779,172.564926,1.411163,0.391827,-2.818779,0
598,94.563738,2.817965,170.570717,1.419516,0.380079,-2.817965,0
599,46.009516,2.878031,273.091444,1.969235,0.412338,-2.878031,0
600,82.037077,2.831200,224.564300,2.003932,0.176254,-2.831200,1
601,46.725486,2.936202,276.106682,1.981665,0.224476,-2.936202,1
602,46.009516,2.961307,276.029453,2.036228,0.290970,-2.961307,1
603,46.271990,2.979715,273.526034,1.789314,0.603240,-2.979715,0
604,41.796623,2.991965,275.949928,1.778793,1.094944,-2.991965,0
605,95.150845,2.818779,172.560288,1.411163,0.181938,-2.818779,1
606,82.037077,2.831200,224.564300,2.003883,0.200428,-2.831200,1
607,45.817162,2.829600,275.473325,2.000724,0.196506,-2.829600,1
608,45.817162,2.861487,275.473325,2.000774,0.227719,-2.861487,1
609,46.007582,2.915211,276.083337,2.000889,0.258633,-2.915211,1
610,46.009516,2.961307,273.091444,2.036228,0.463543,-2.961307,0
611,59.743412,2.943663,253.280352,2.003819,0.362096,-2.943663,0
612,44.945918,2.964716,170.570717,1.430920,5.832406,-2.964716,0
613,60.520626,2.253714,253.340879,1.786563,0.200826,-2.253714,1
614,45.817162,2.861487,275.473325,2.000724,0.248339,-2.861487,1
615,46.009516,2.888700,276.106682,1.982133,0.260199,-2.888700,1
616,45.817162,2.915100,275.473325,2.000724,0.283932,-2.915100,1
617,60.198240,2.902604,253.849524,1.984822,0.277104,-2.902604,1
618,45.819695,2.956872,273.070702,1.982133,0.519292,-2.956872,0
619,60.198240,2.942647,253.280352,1.789200,0.462940,-2.942647,0
620,60.520626,2.253714,253.854507,1.789438,0.213144,-2.253714,1
621,45.819097,2.888589,275.496670,1.981968,0.263307,-2.888589,1
622,60.198240,2.888809,253.280352,1.974087,0.346642,-2.888809,0
623,60.198240,2.902086,253.280352,1.974087,0.349185,-2.902086,0
624,60.198240,2.902604,253.335896,1.981947,0.393437,-2.902604,0
625,45.998789,2.956872,273.124302,1.982133,0.525227,-2.956872,0
626,45.655593,2.916370,273.091444,1.967900,0.525067,-2.916370,0
627,46.009516,2.878033,276.106682,1.982133,0.263614,-2.878033,1
628,60.198240,2.887891,253.300448,2.089268,0.285477,-2.887891,1
629,93.871000,2.878096,175.068258,1.420593,0.278590,-2.878096,1
630,60.198240,2.888809,253.280352,2.333702,0.347405,-2.888809,0
631,45.819695,2.941693,273.070702,1.982133,0.562856,-2.941693,0
632,45.819695,2.956872,273.070702,1.916387,0.613801,-2.956872,0
633,60.198240,2.120980,253.280352,1.789200,0.276967,-2.120980,1
634,95.156248,2.819431,170.602993,1.419121,0.277756,-2.819431,1
635,46.072928,2.878685,273.091444,2.006584,0.426032,-2.878685,0
636,46.010567,2.878692,273.091444,2.007596,0.489799,-2.878692,0
637,60.198240,2.888799,253.280352,1.385889,0.547531,-2.888799,0
638,45.817162,2.831200,273.526034,2.003932,0.348006,-2.831200,0
639,95.743580,2.878033,171.290026,1.531007,0.405204,-2.878033,0
640,46.072928,2.878033,273.091444,2.002393,0.415329,-2.878033,0
641,45.998866,2.915714,266.172359,2.357386,0.627858,-2.915714,0
642,46.027782,2.938960,270.507128,2.021888,0.683741,-2.938960,0
643,45.819695,2.956872,266.322581,1.982133,0.984020,-2.956872,0
644,59.509517,2.138915,253.133078,1.789200,0.287965,-2.138915,1
645,32.237850,2.947581,270.507128,2.347086,1.667608,-2.947581,0
646,94.563423,2.819431,170.570717,1.419516,0.311761,-2.819431,0
647,31.646207,2.938619,279.731318,2.219061,1.258159,-2.938619,0
648,46.725486,2.936202,267.897093,1.981665,0.841007,-2.936202,0
649,46.062107,2.939675,254.568451,2.333780,1.503177,-2.939675,0
650,82.037077,2.831200,224.564300,2.003932,0.176254,-2.831200,1
651,46.725486,2.936202,276.106682,1.981665,0.224476,-2.936202,1
652,46.271990,2.979715,273.526034,1.789314,0.603240,-2.979715,0
653,41.796623,2.991965,275.949928,1.778793,1.094944,-2.991965,0
654,45.819695,2.996156,253.411392,1.982133,1.851989,-2.996156,0
655,46.009516,2.960530,276.029453,2.036228,0.237616,-2.960530,1
656,46.009516,2.973126,273.091444,1.980631,0.512641,-2.973126,0
657,45.819695,2.961518,276.052899,2.035637,0.280729,-2.961518,1
658,44.994307,2.966106,276.106682,1.982133,0.436550,-2.966106,0
659,46.009516,2.961234,276.029453,2.036026,0.265821,-2.961234,1
660,95.150845,2.818779,172.560288,1.411163,0.181938,-2.818779,1
661,82.037077,2.831200,224.564300,2.003883,0.200428,-2.831200,1
662,45.817162,2.829600,275.473325,2.000724,0.196506,-2.829600,1
663,95.156248,2.823150,170.602993,1.406228,0.183919,-2.823150,1
664,45.817162,2.861487,275.473325,2.000774,0.227719,-2.861487,1
665,46.009516,2.878033,276.106682,1.983755,0.229714,-2.878033,1
666,46.007582,2.915211,276.083337,2.000889,0.258633,-2.915211,1
667,46.009516,2.961307,276.029453,2.036228,0.290970,-2.961307,1
668,44.945918,2.964716,273.804691,1.953943,0.674644,-2.964716,0
669,60.520626,2.253714,253.858981,1.789438,0.182968,-2.253714,1
670,95.150845,2.785476,172.560288,1.405880,0.194669,-2.785476,1
671,45.817162,2.861487,275.473325,2.000724,0.248339,-2.861487,1
672,46.009516,2.888700,276.106682,1.982133,0.260199,-2.888700,1
673,45.817162,2.915100,275.473325,2.000724,0.283932,-2.915100,1
674,60.198240,2.902604,253.849524,1.984822,0.277104,-2.902604,1
675,46.009516,2.961307,273.091444,2.036228,0.463543,-2.961307,0
676,59.743412,2.943663,253.280352,2.003819,0.362096,-2.943663,0
677,28.741427,2.964716,255.687493,1.429595,3.864622,-2.964716,0
678,60.520626,2.253714,253.340879,1.786563,0.200826,-2.253714,1
679,60.520626,2.287017,253.340879,1.791846,0.210196,-2.287017,1
680,45.819097,2.888589,275.496670,1.981968,0.263307,-2.888589,1
681,60.198240,2.902909,253.849524,1.984822,0.349200,-2.902909,0
682,60.198240,2.888809,253.280352,1.974087,0.346642,-2.888809,0
683,60.198240,2.902086,253.280352,1.974087,0.349185,-2.902086,0
684,45.819695,2.956872,273.070702,1.982133,0.519292,-2.956872,0
685,45.819695,2.957007,273.070702,1.982133,0.597941,-2.957007,0
686,30.894608,2.961307,280.407651,2.036228,1.540413,-2.961307,0
687,60.198240,2.942647,253.280352,1.789200,0.462940,-2.942647,0
688,44.945918,2.964716,170.570717,1.430920,5.832406,-2.964716,0
689,60.520626,2.253714,253.854507,1.789438,0.213144,-2.253714,1
690,46.009516,2.878033,276.106682,1.982133,0.263614,-2.878033,1
691,60.198240,2.887891,253.300448,2.089268,0.285477,-2.887891,1
692,93.871000,2.878096,175.068258,1.420593,0.278590,-2.878096,1
693,60.198240,2.902604,253.335896,1.981947,0.393437,-2.902604,0
694,60.198240,2.888809,253.280352,2.333702,0.347405,-2.888809,0
695,45.998789,2.956872,273.124302,1.982133,0.525227,-2.956872,0
696,45.819695,2.956945,266.322581,1.982336,1.000737,-2.956945,0
697,45.655593,2.916370,273.091444,1.967900,0.525067,-2.916370,0
698,45.819695,2.956872,273.068134,1.982133,0.573610,-2.956872,0
699,60.520626,2.253714,253.336404,1.786563,0.254054,-2.253714,1
700,82.037077,2.831200,224.564300,2.003932,0.176254,-2.831200,1
701,46.725486,2.936202,276.106682,1.981665,0.224476,-2.936202,1
702,45.819695,2.961518,276.052899,2.035637,0.280729,-2.961518,1
703,82.037077,2.830940,224.564300,2.003883,0.153137,-2.830940,1
704,46.725486,2.961204,276.126399,1.981665,0.232550,-2.961204,1
705,60.336172,2.996156,253.411392,1.982133,0.338675,-2.996156,0
706,46.009516,2.961307,276.100104,2.036228,0.259107,-2.961307,1
707,82.037077,2.831200,224.564300,2.003883,0.200428,-2.831200,1
708,45.817162,2.861487,275.473325,2.000774,0.227719,-2.861487,1
709,46.009516,2.878033,276.106682,1.983755,0.229714,-2.878033,1
710,95.150845,2.818779,172.560288,1.411163,0.181938,-2.818779,1
711,45.817162,2.829600,275.473325,2.000724,0.196506,-2.829600,1
712,95.156248,2.823150,170.602993,1.406228,0.183919,-2.823150,1
713,46.009516,2.960530,276.029453,2.036228,0.237616,-2.960530,1
714,41.796623,2.991965,275.949928,1.778793,1.094944,-2.991965,0
715,45.819695,2.996156,253.411392,1.982133,1.851989,-2.996156,0
716,46.009516,2.991764,276.030615,2.036003,0.346645,-2.991764,0
717,46.009516,2.961234,276.029453,2.036026,0.265821,-2.961234,1
718,46.009516,2.961307,276.029453,2.036228,0.290970,-2.961307,1
719,60.520626,2.253714,253.858981,1.789438,0.182968,-2.253714,1
720,95.150845,2.785476,172.560288,1.405880,0.194669,-2.785476,1
721,46.007582,2.915211,276.083337,2.000889,0.258633,-2.915211,1
722,45.817162,2.861487,275.473325,2.000724,0.248339,-2.861487,1
723,95.136143,2.991965,171.219769,1.778793,1.121330,-2.991965,0
724,46.009516,2.973126,273.091444,1.980631,0.512641,-2.973126,0
725,44.994307,2.966106,276.106682,1.982133,0.436550,-2.966106,0
726,46.870454,2.979715,273.526034,1.789310,0.558976,-2.979715,0
727,45.827428,2.963518,275.464978,2.035644,0.378282,-2.963518,0
728,46.271990,2.979668,273.086150,1.990425,0.518185,-2.979668,0
729,45.259016,2.961307,276.406400,2.036228,0.292546,-2.961307,1
730,60.520626,2.253714,253.340879,1.786563,0.200826,-2.253714,1
731,60.520626,2.287017,253.340879,1.791846,0.210196,-2.287017,1
732,46.009516,2.888700,276.106682,1.982133,0.260199,-2.888700,1
733,45.817162,2.915100,275.473325,2.000724,0.283932,-2.915100,1
734,60.198240,2.902604,253.849524,1.984822,0.277104,-2.902604,1
735,46.271990,2.979715,273.526034,1.789314,0.603240,-2.979715,0
736,46.009516,2.961307,273.091444,2.036228,0.463543,-2.961307,0
737,59.743412,2.943663,253.280352,2.003819,0.362096,-2.943663,0
738,60.520626,2.253714,253.854507,1.789438,0.213144,-2.253714,1
739,45.819097,2.888589,275.496670,1.981968,0.263307,-2.888589,1
740,60.198240,2.902909,253.849524,1.984822,0.349200,-2.902909,0
741,60.198240,2.902719,253.335896,1.981947,0.319677,-2.902719,0
742,44.945918,2.964716,273.803127,1.953943,0.673743,-2.964716,0
743,46.009516,2.973173,273.531328,1.779519,0.726653,-2.973173,0
744,45.819695,2.956872,273.070702,1.982133,0.519292,-2.956872,0
745,45.819695,2.957007,273.070702,1.982133,0.597941,-2.957007,0
746,45.820148,2.956609,273.091444,2.036489,0.482289,-2.956609,0
747,59.743412,2.943548,253.280352,2.003819,0.387530,-2.943548,0
748,59.922162,2.253714,253.854507,1.789441,0.236309,-2.253714,1
749,81.854366,2.970346,190.133305,1.405880,1.243437,-2.970346,0
750,82.037077,2.831200,224.564300,2.003932,0.176254,-2.831200,1
751,45.819695,2.961518,276.052899,2.035637,0.280729,-2.961518,1
752,82.037077,2.830940,224.564300,2.003883,0.153137,-2.830940,1
753,45.819695,2.996156,276.150747,1.982133,0.326666,-2.996156,0
754,81.756713,2.866044,224.564300,2.003076,0.185142,-2.866044,1
755,46.029547,2.961513,276.055577,2.036223,0.217148,-2.961513,1
756,45.259016,2.999820,276.406400,2.011909,0.328253,-2.999820,0
757,46.714892,2.961204,276.088595,1.975332,0.212102,-2.961204,1
758,45.819587,2.963051,276.052899,2.035490,0.306200,-2.963051,0
759,95.156248,2.823150,170.602993,1.406228,0.183919,-2.823150,1
760,95.150845,2.820040,172.560288,1.411163,0.155573,-2.820040,1
761,82.037077,2.831200,224.564300,2.003883,0.200428,-2.831200,1
762,45.817162,2.829600,275.473325,2.000724,0.196506,-2.829600,1
763,46.009516,2.961307,276.100104,2.036228,0.259107,-2.961307,1
764,45.799665,2.961312,276.026776,2.035642,0.264576,-2.961312,1
765,46.725486,2.961310,276.126399,1.986339,0.262465,-2.961310,1
766,60.336172,2.996156,253.411392,1.982133,0.338675,-2.996156,0
767,46.725486,2.936202,276.106682,1.981665,0.224476,-2.936202,1
768,46.725486,2.961204,276.126399,1.981665,0.232550,-2.961204,1
769,46.009516,2.887438,276.106682,1.982133,0.213219,-2.887438,1
770,95.150845,2.818779,172.560288,1.411163,0.181938,-2.818779,1
771,46.009516,2.961234,276.029453,2.036026,0.265821,-2.961234,1
772,46.009516,2.961307,276.029453,2.036228,0.290970,-2.961307,1
773,46.009516,2.991764,276.030615,2.036003,0.346645,-2.991764,0
774,60.336172,2.996156,253.411392,2.002966,0.357107,-2.996156,0
775,46.009516,2.914156,276.030615,2.036003,0.225352,-2.914156,1
776,46.009516,2.960530,276.029453,2.036228,0.237616,-2.960530,1
777,82.037077,2.830940,224.564300,1.983050,0.220277,-2.830940,1
778,60.520626,2.253714,253.858981,1.789438,0.182968,-2.253714,1
779,95.150845,2.785476,172.560288,1.405880,0.194669,-2.785476,1
780,45.259016,2.961307,276.406400,2.036228,0.292546,-2.961307,1
781,41.796623,2.991965,275.949928,1.778793,1.094944,-2.991965,0
782,45.819695,2.996156,253.411392,1.982133,1.851989,-2.996156,0
783,46.009516,2.973126,273.091444,1.980631,0.512641,-2.973126,0
784,44.994307,2.966106,276.106682,1.982133,0.436550,-2.966106,0
785,46.870454,2.979715,273.526034,1.789310,0.558976,-2.979715,0
786,45.827428,2.963518,275.464978,2.035644,0.378282,-2.963518,0
787,46.271990,2.979668,273.086150,1.990425,0.518185,-2.979668,0
788,45.827308,2.963746,275.464978,1.982392,0.387565,-2.963746,0
789,45.817162,2.861487,275.473325,2.000774,0.227719,-2.861487,1
790,46.009516,2.878033,276.106682,1.983755,0.229714,-2.878033,1
791,45.817270,2.859953,275.473325,2.000921,0.227384,-2.859953,1
792,46.007582,2.915211,276.083337,2.000889,0.258633,-2.915211,1
793,46.009818,2.958072,276.097547,2.036496,0.273840,-2.958072,1
794,60.520626,2.253714,253.834681,1.789444,0.197700,-2.253714,1
795,95.136143,2.991965,171.219769,1.778793,1.121330,-2.991965,0
796,60.520626,2.287017,253.340879,1.791846,0.210196,-2.287017,1
797,45.817162,2.861487,275.473325,2.000724,0.248339,-2.861487,1
798,46.271990,2.979715,273.526034,1.789314,0.603240,-2.979715,0
799,46.009516,2.961307,273.091444,2.036228,0.463543,-2.961307,0
800,82.037077,2.831200,224.564300,2.003932,0.176254,-2.831200,1
801,82.037077,2.830940,224.564300,2.003883,0.153137,-2.830940,1
802,45.819695,2.996156,276.150747,1.982133,0.326666,-2.996156,0
803,81.756713,2.866044,224.564300,2.003076,0.185142,-2.866044,1
804,46.029547,2.961513,276.055577,2.036223,0.217148,-2.961513,1
805,45.259016,2.999820,276.406400,2.011909,0.328253,-2.999820,0
806,46.714892,2.961204,276.088595,1.975332,0.212102,-2.961204,1
807,46.714892,2.963786,276.088595,1.975332,0.222112,-2.963786,1
808,45.819695,2.994114,276.151273,2.037703,0.299571,-2.994114,1
809,95.156248,2.823150,170.602993,1.406228,0.183919,-2.823150,1
810,95.150845,2.820040,172.560288,1.411163,0.155573,-2.820040,1
811,82.037077,2.831200,224.564300,2.003883,0.200428,-2.831200,1
812,45.817162,2.829600,275.473325,2.000724,0.196506,-2.829600,1
813,60.336172,2.996156,253.411392,1.982133,0.338675,-2.996156,0
814,45.819695,2.996723,253.411392,1.982133,1.851270,-2.996723,0
815,46.009516,2.887438,276.106682,1.982133,0.213219,-2.887438,1
816,46.009516,2.961307,276.100104,2.036228,0.259107,-2.961307,1
817,45.799665,2.961312,276.026776,2.035642,0.264576,-2.961312,1
818,46.725486,2.961310,276.126399,1.986339,0.262465,-2.961310,1
819,46.725486,2.936202,276.106682,1.981665,0.224476,-2.936202,1
820,46.725486,2.961204,276.126399,1.981665,0.232550,-2.961204,1
821,45.808208,2.963051,276.052899,2.035044,0.267338,-2.963051,1
822,95.150845,2.818779,172.560288,1.411163,0.181938,-2.818779,1
823,46.009516,2.991764,276.030615,2.036003,0.346645,-2.991764,0
824,60.336172,2.996156,253.411392,2.002966,0.357107,-2.996156,0
825,82.037077,2.830940,224.564300,1.983050,0.220277,-2.830940,1
826,46.009516,2.961234,276.029453,2.036026,0.265821,-2.961234,1
827,46.009516,2.914156,276.030615,2.036003,0.225352,-2.914156,1
828,46.009516,2.960530,276.029453,2.036228,0.237616,-2.960530,1
829,45.819695,2.961518,276.052899,2.035637,0.280729,-2.961518,1
830,45.819587,2.963051,276.052899,2.035490,0.306200,-2.963051,0
831,60.520626,2.253714,253.858981,1.789438,0.182968,-2.253714,1
832,95.150845,2.785476,172.560288,1.405880,0.194669,-2.785476,1
833,45.827428,2.963518,275.464978,2.035644,0.378282,-2.963518,0
834,45.819695,2.992336,275.948012,2.001133,0.386039,-2.992336,0
835,60.336172,2.996156,253.204198,1.983408,0.387930,-2.996156,0
836,45.817162,2.861487,275.473325,2.000774,0.227719,-2.861487,1
837,46.009516,2.878033,276.106682,1.983755,0.229714,-2.878033,1
838,45.817270,2.859953,275.473325,2.000921,0.227384,-2.859953,1
839,46.007582,2.915211,276.083337,2.000889,0.258633,-2.915211,1
840,46.009818,2.958072,276.097547,2.036496,0.273840,-2.958072,1
841,46.009516,2.961307,276.029453,2.036228,0.290970,-2.961307,1
842,46.725486,2.961204,276.126399,1.979790,0.285970,-2.961204,1
843,45.819695,2.996156,253.411392,1.982133,1.851989,-2.996156,0
844,60.520626,2.253714,253.834681,1.789444,0.197700,-2.253714,1
845,45.817162,2.861487,275.473325,2.000724,0.248339,-2.861487,1
846,60.520626,2.287017,253.340879,1.791846,0.210196,-2.287017,1
847,41.808003,2.991965,275.949928,1.779238,1.045385,-2.991965,0
848,46.632827,2.995544,253.411392,2.002966,1.750793,-2.995544,0
849,38.522707,2.980003,286.622480,1.982392,0.521076,-2.980003,0
850,82.037077,2.831200,224.564300,2.003932,0.176254,-2.831200,1
851,82.037077,2.830940,224.564300,2.003883,0.153137,-2.830940,1
852,81.756713,2.866044,224.564300,2.003076,0.185142,-2.866044,1
853,46.029547,2.961513,276.055577,2.036223,0.217148,-2.961513,1
854,46.714892,2.961204,276.088595,1.975332,0.212102,-2.961204,1
855,46.714892,2.963786,276.088595,1.975332,0.222112,-2.963786,1
856,60.336172,2.996156,253.661798,1.983505,0.287772,-2.996156,1
857,45.259430,2.999945,240.301312,1.885573,2.719924,-2.999945,0
858,60.336172,2.999910,253.411392,2.002985,0.326104,-2.999910,0
859,95.156248,2.823150,170.602993,1.406228,0.183919,-2.823150,1
860,95.150845,2.820040,172.560288,1.411163,0.155573,-2.820040,1
861,95.150845,2.820045,172.560288,1.411163,0.180048,-2.820045,1
862,82.037077,2.831200,224.564300,2.003883,0.200428,-2.831200,1
863,45.817162,2.829600,275.473325,2.000724,0.196506,-2.829600,1
864,46.009516,2.887438,276.106682,1.982133,0.213219,-2.887438,1
865,46.023564,2.913770,276.030615,2.035645,0.221652,-2.913770,1
866,46.009516,2.961307,276.100104,2.036228,0.259107,-2.961307,1
867,45.799665,2.961312,276.026776,2.035642,0.264576,-2.961312,1
868,46.725486,2.961310,276.126399,1.986339,0.262465,-2.961310,1
869,46.725486,2.936202,276.106682,1.981665,0.224476,-2.936202,1
870,46.725486,2.961204,276.126399,1.981665,0.232550,-2.961204,1
871,60.899087,2.963364,253.778285,2.036223,0.281679,-2.963364,1
872,45.808208,2.963051,276.052899,2.033333,0.266159,-2.963051,1
873,46.009537,2.961234,276.097262,2.036486,0.241623,-2.961234,1
874,45.819695,2.994114,276.151273,2.037703,0.299571,-2.994114,1
875,45.819718,2.996156,276.150747,2.000333,0.324217,-2.996156,0
876,46.720136,2.996075,276.151861,1.983143,0.304730,-2.996075,0
877,45.259016,2.999820,276.406400,2.011909,0.328253,-2.999820,0
878,60.520626,2.287017,253.810925,1.791909,0.161789,-2.287017,1
879,95.150845,2.818779,172.560288,1.411163,0.181938,-2.818779,1
880,82.037077,2.830940,224.564300,1.983050,0.220277,-2.830940,1
881,46.009798,2.892144,276.029739,2.036036,0.222001,-2.892144,1
882,46.009516,2.914156,276.030615,2.036003,0.225352,-2.914156,1
883,46.009516,2.960530,276.029453,2.036228,0.237616,-2.960530,1
884,46.694254,2.961204,275.714598,1.982224,0.238732,-2.961204,1
885,45.808208,2.963051,276.052899,2.035044,0.267338,-2.963051,1
886,46.009516,2.961234,276.029453,2.036026,0.265821,-2.961234,1
887,45.819695,2.996156,276.150747,1.982133,0.326666,-2.996156,0
888,46.009516,2.991764,276.030615,2.038045,0.315595,-2.991764,0
889,45.819281,2.996546,276.406400,2.011909,0.352642,-2.996546,0
890,45.274320,2.999820,276.425668,2.011810,0.417414,-2.999820,0
891,60.520626,2.253714,253.858981,1.789438,0.182968,-2.253714,1
892,45.840333,2.996723,253.785389,1.975241,1.809027,-2.996723,0
893,45.817270,2.996342,275.473325,2.000921,0.444808,-2.996342,0
894,95.150845,2.785476,172.560288,1.405880,0.194669,-2.785476,1
895,60.336172,2.996156,253.411392,1.982133,0.338675,-2.996156,0
896,95.150845,2.818774,172.560288,1.411163,0.210252,-2.818774,1
897,46.009516,2.878033,276.106682,1.983755,0.229714,-2.878033,1
898,46.007582,2.915211,276.083337,2.000889,0.258633,-2.915211,1
899,45.819587,2.963051,276.052899,2.035490,0.306200,-2.963051,0
900,82.037077,2.831200,224.564300,2.003932,0.176254,-2.831200,1
901,82.037077,2.830940,224.564300,2.003883,0.153137,-2.830940,1
902,60.336172,2.999910,253.411392,2.002985,0.326104,-2.999910,0
903,23.116222,2.999973,276.406400,2.001050,2.708245,-2.999973,0
904,60.899087,2.964498,253.778285,2.036223,0.205398,-2.964498,1
905,46.725486,2.939984,276.106682,1.981959,0.181219,-2.939984,1
906,61.219541,2.999396,253.411392,2.002985,0.237075,-2.999396,1
907,95.150845,2.820040,172.560288,1.411163,0.155573,-2.820040,1
908,95.150845,2.820045,172.560288,1.411163,0.180048,-2.820045,1
909,45.259016,2.999820,276.406400,2.011909,0.328253,-2.999820,0
910,60.342914,2.999910,253.411392,2.002985,0.351174,-2.999910,0
911,45.259430,2.999945,240.301312,1.885573,2.719924,-2.999945,0
912,46.029547,2.961513,276.055577,2.036223,0.217148,-2.961513,1
913,46.714892,2.961204,276.088595,1.975332,0.212102,-2.961204,1
914,46.714892,2.963786,276.088595,1.975332,0.222112,-2.963786,1
915,81.756713,2.866044,224.564300,2.003076,0.185142,-2.866044,1
916,95.156248,2.823150,170.602993,1.406228,0.183919,-2.823150,1
917,46.023564,2.912636,276.030615,2.035645,0.188708,-2.912636,1
918,60.336172,2.996156,253.661798,1.983505,0.287772,-2.996156,1
919,45.811682,2.996124,276.425668,2.011810,0.283738,-2.996124,1
920,45.819281,2.992698,276.406400,2.011615,0.272159,-2.992698,1
921,60.520626,2.287017,253.810925,1.791909,0.161789,-2.287017,1
922,95.150845,2.818779,172.560288,1.411163,0.181938,-2.818779,1
923,45.817270,2.996342,275.473325,2.011779,0.340128,-2.996342,0
924,45.819281,2.996546,276.406400,2.011909,0.352642,-2.996546,0
925,45.282356,2.999841,276.150747,2.000333,0.391533,-2.999841,0
926,46.008405,2.997262,275.997294,2.036228,0.365568,-2.997262,0
927,45.235197,2.999820,276.406053,2.011164,0.382457,-2.999820,0
928,45.497535,2.999910,240.541370,1.886416,2.730274,-2.999910,0
929,46.023564,2.913770,276.030615,2.035645,0.221652,-2.913770,1
930,46.009516,2.961307,276.100104,2.036228,0.259107,-2.961307,1
931,45.799665,2.961312,276.026776,2.035642,0.264576,-2.961312,1
932,46.725486,2.961310,276.126399,1.986339,0.262465,-2.961310,1
933,46.725486,2.936202,276.106682,1.981665,0.224476,-2.936202,1
934,46.725486,2.961204,276.126399,1.981665,0.232550,-2.961204,1
935,45.808208,2.963051,276.052899,2.033333,0.266159,-2.963051,1
936,46.009537,2.961234,276.097262,2.036486,0.241623,-2.961234,1
937,82.037077,2.831200,224.564300,2.003883,0.200428,-2.831200,1
938,46.009516,2.887438,276.106682,1.982133,0.213219,-2.887438,1
939,82.039429,2.830547,224.564300,2.003106,0.194691,-2.830547,1
940,45.819718,2.996156,276.150747,2.000333,0.324217,-2.996156,0
941,45.819695,2.994114,276.151273,2.037703,0.299571,-2.994114,1
942,46.720136,2.996075,276.151861,1.983143,0.304730,-2.996075,0
943,60.899087,2.963364,253.778285,2.036223,0.281679,-2.963364,1
944,46.009801,2.991764,276.030624,2.038045,0.288411,-2.991764,1
945,60.520626,2.253714,253.858981,1.789438,0.182968,-2.253714,1
946,45.198036,2.999820,276.031274,2.011436,0.407077,-2.999820,0
947,95.150845,2.785476,172.560288,1.405880,0.194669,-2.785476,1
948,45.819695,2.996156,276.150747,1.982133,0.326666,-2.996156,0
949,46.009516,2.991764,276.030615,2.038045,0.315595,-2.991764,0
950,23.116222,2.999973,276.406400,2.001050,2.708245,-2.999973,0
951,60.899087,2.964498,253.778285,2.036223,0.205398,-2.964498,1
952,46.725486,2.939984,276.106682,1.981959,0.181219,-2.939984,1
953,61.219541,2.999396,253.411392,2.002985,0.237075,-2.999396,1
954,81.758095,2.831906,224.564300,2.003883,0.178062,-2.831906,1
955,45.192725,2.999938,276.425668,2.011810,0.399135,-2.999938,0
956,60.336172,2.999910,253.411392,2.002985,0.304973,-2.999910,0
957,82.514634,2.831200,224.564300,2.002960,0.110980,-2.831200,1
958,45.259430,2.999945,240.301312,1.885573,2.719924,-2.999945,0
959,23.116222,2.999973,276.428633,2.001372,2.735610,-2.999973,0
960,45.259430,2.999944,240.301312,1.885573,2.708741,-2.999944,0
961,46.029547,2.961513,276.055577,2.036223,0.217148,-2.961513,1
962,46.714892,2.961204,276.088595,1.975332,0.212102,-2.961204,1
963,46.714892,2.963786,276.088595,1.975332,0.222112,-2.963786,1
964,81.756713,2.866044,224.564300,2.003076,0.185142,-2.866044,1
965,46.023564,2.912636,276.030615,2.035645,0.188708,-2.912636,1
966,61.214645,2.999396,253.411392,2.002985,0.266054,-2.999396,1
967,60.336172,2.999910,253.411392,2.002985,0.326104,-2.999910,0
968,45.511202,2.999910,273.694051,1.886416,0.640374,-2.999910,0
969,82.037077,2.831200,224.564300,2.003932,0.176254,-2.831200,1
970,82.037077,2.830940,224.564300,2.003883,0.153137,-2.830940,1
971,45.259430,2.999945,169.718568,1.381865,5.801297,-2.999945,0
972,45.497535,2.999910,240.541370,1.886416,2.730274,-2.999910,0
973,46.023564,2.913770,276.030615,2.035645,0.221652,-2.913770,1
974,46.009516,2.961307,276.100104,2.036228,0.259107,-2.961307,1
975,45.799665,2.961312,276.026776,2.035642,0.264576,-2.961312,1
976,46.725486,2.961310,276.126399,1.986339,0.262465,-2.961310,1
977,46.725486,2.936202,276.106682,1.981665,0.224476,-2.936202,1
978,46.725486,2.961204,276.126399,1.981665,0.232550,-2.961204,1
979,46.009537,2.961234,276.097262,2.036486,0.241623,-2.961234,1
980,46.009516,2.887438,276.106682,1.982133,0.213219,-2.887438,1
981,82.035696,2.865338,224.564300,2.003076,0.198294,-2.865338,1
982,60.336172,2.996156,253.661798,1.983505,0.287772,-2.996156,1
983,45.811682,2.996124,276.425668,2.011810,0.283738,-2.996124,1
984,45.819281,2.992698,276.406400,2.011615,0.272159,-2.992698,1
985,45.808208,2.963051,276.052899,2.033333,0.266159,-2.963051,1
986,45.259016,2.999820,276.406400,2.011909,0.328253,-2.999820,0
987,60.341068,2.999910,253.411392,2.002985,0.336711,-2.999910,0
988,95.150845,2.820040,172.560288,1.411163,0.155573,-2.820040,1
989,95.150845,2.820045,172.560288,1.411163,0.180048,-2.820045,1
990,95.156248,2.823150,170.602993,1.406228,0.183919,-2.823150,1
991,82.039429,2.830547,224.564300,2.003106,0.194691,-2.830547,1
992,95.150845,2.829689,174.007223,1.426249,0.186578,-2.829689,1
993,60.520626,2.287017,253.810925,1.791909,0.161789,-2.287017,1
994,45.497535,2.999910,181.954985,1.886416,5.823977,-2.999910,0
995,60.342914,2.999910,253.411392,2.002985,0.351174,-2.999910,0
996,95.150845,2.818779,172.560288,1.411163,0.181938,-2.818779,1
997,81.756713,2.858957,224.564300,2.003076,0.246399,-2.858957,1
998,45.808208,2.961208,276.095315,2.033333,0.256021,-2.961208,1
999,82.037077,2.831200,224.564300,2.003883,0.200428,-2.831200,1
