Index,PedestrianSpeed,FinalHostSpeed,PedestrianEgoDistanceStartWalk,Min distance,Velocity at min distance
0,1.901674,1.241074,16.086469,0.315293,-5.960930
1,1.755337,74.082568,31.054349,2.815212,-4.618802
2,1.129700,18.173549,36.603173,0.382278,-2.398783
3,2.580837,19.565013,44.205561,0.382578,-4.367238
4,2.627383,27.693558,30.810596,0.396986,-0.740124
5,0.734705,16.695671,55.425620,2.884087,-4.208041
6,2.537440,14.175269,16.708801,2.384395,-1.749533
7,1.651314,4.856726,46.984772,2.701014,-2.009551
8,2.519896,77.393656,11.284478,2.138136,-0.020507
9,2.451971,43.577431,33.973197,2.969304,-2.049125
10,1.780483,62.393057,11.846212,3.466599,-3.284307
11,1.237623,68.151913,43.392625,3.365919,-2.842059
12,2.267364,45.069384,28.963575,3.174283,-2.726167
13,1.376317,78.159850,52.582028,2.416176,-1.749533
14,2.433017,69.100934,50.352716,2.177116,-0.020507
15,1.680232,26.756862,53.633300,3.222047,-2.726167
16,2.473580,31.403955,27.971570,2.490370,-1.749533
17,1.391306,29.428984,16.827708,2.371019,-0.020507
18,1.771189,53.524748,36.566524,2.399910,-0.020507
19,2.309796,12.606902,6.630739,1000.000000,1000.000000
20,0.835331,76.217375,10.841946,1000.000000,1000.000000
21,2.403577,37.786021,25.865808,1000.000000,1000.000000
22,2.669705,42.201467,29.925257,1000.000000,1000.000000
23,2.128734,20.021980,5.190456,1000.000000,1000.000000
24,2.525503,1.373245,18.369944,1000.000000,1000.000000
25,2.983480,63.723966,22.082917,1000.000000,1000.000000
26,0.697673,39.327942,14.523980,1000.000000,1000.000000
27,1.651284,25.454882,9.495198,1000.000000,1000.000000
28,1.840759,67.856852,8.177559,1000.000000,1000.000000
29,2.766572,32.160725,9.790124,1000.000000,1000.000000
30,1.901674,1.241074,27.786506,0.275048,-5.960930
31,1.901674,1.241074,16.086469,0.315293,-5.960930
32,1.391306,29.428984,16.831549,0.315293,-5.960930
33,1.129700,18.173549,36.603173,0.382278,-2.398783
34,2.580837,19.565013,44.205561,0.382578,-4.367238
35,1.651284,25.454882,30.784387,2.741313,-5.960930
36,2.627383,27.693558,30.810596,0.396986,-0.740124
37,1.651314,4.856726,46.984772,2.701014,-2.009551
38,2.580837,29.288223,43.881163,2.341929,-1.749533
39,1.761359,63.723966,22.030147,0.396986,-0.740124
40,1.755337,74.082568,31.054349,2.815212,-4.618802
41,2.627383,76.298620,30.810596,3.138351,-4.689522
42,1.755337,74.082568,9.765159,2.350852,-1.749533
43,2.461843,31.403955,27.971570,1.145044,-0.527692
44,0.736968,42.201467,31.464292,2.866303,-4.208041
45,2.397062,66.854442,50.465689,3.263475,-4.689522
46,2.537440,14.175269,16.708801,2.384395,-1.749533
47,2.499209,13.968556,36.336863,2.137902,-0.020507
48,0.734705,16.695671,55.425620,2.884087,-4.208041
49,1.376317,78.159850,52.582028,2.416176,-1.749533
50,2.519896,77.393656,11.284478,2.138136,-0.020507
51,2.451971,43.577431,33.973197,2.969304,-2.049125
52,1.780483,62.393057,11.846212,3.466599,-3.284307
53,1.237623,68.151913,43.392625,3.365919,-2.842059
54,2.267364,45.069384,28.963575,3.174283,-2.726167
55,1.755337,74.082568,31.016506,3.174283,-2.726167
56,1.129700,19.392064,41.957917,2.463747,-1.749533
57,2.433017,69.100934,50.352716,2.177116,-0.020507
58,1.852017,76.617388,10.841946,3.195930,-2.726167
59,1.391306,29.428984,16.827708,2.371019,-0.020507
60,1.901674,1.241074,16.987980,0.207917,-5.960930
61,1.901674,1.241074,27.786506,0.275048,-5.960930
62,1.901674,1.241074,16.086469,0.315293,-5.960930
63,1.391306,29.428984,16.831549,0.315293,-5.960930
64,1.129700,18.173549,36.603173,0.382278,-2.398783
65,2.580837,19.565013,44.205561,0.382578,-4.367238
66,1.651284,25.454882,30.784387,2.741313,-5.960930
67,2.519896,77.393656,11.968678,0.387726,-4.370440
68,1.755337,74.082568,31.054349,2.815212,-4.618802
69,2.627383,76.298620,30.810596,3.138351,-4.689522
70,1.391306,28.996704,16.831549,3.138351,-4.689522
71,2.627383,27.693558,30.810596,0.396986,-0.740124
72,1.651314,4.856726,46.984772,2.701014,-2.009551
73,2.580837,29.288223,43.881163,2.341929,-1.749533
74,1.761359,63.723966,22.030147,0.396986,-0.740124
75,2.580837,1.365630,44.205561,0.581526,-0.799343
76,0.736968,42.201467,31.464292,2.866303,-4.208041
77,1.637997,25.454882,41.461651,2.884840,-4.618802
78,2.397062,66.854442,50.465689,3.263475,-4.689522
79,1.755337,74.082568,9.765159,2.350852,-1.749533
80,2.461843,31.403955,27.971570,1.145044,-0.527692
81,0.734705,16.695671,55.425620,2.884087,-4.208041
82,2.537440,14.175269,16.708801,2.384395,-1.749533
83,2.499209,13.968556,36.336863,2.137902,-0.020507
84,2.451971,43.577431,33.973197,2.969304,-2.049125
85,1.766790,25.454882,20.091740,3.343348,-2.842059
86,1.420256,29.428984,16.831549,3.132317,-2.726167
87,1.645853,63.723966,31.233076,3.393676,-3.297875
88,1.376317,78.159850,52.582028,2.416176,-1.749533
89,2.519896,77.393656,11.284478,2.138136,-0.020507
90,1.901674,1.241074,16.987980,0.207917,-5.960930
91,1.901674,1.719475,27.786506,0.478043,-6.613500
92,1.104487,18.179952,44.319843,0.260017,-5.960930
93,1.901674,1.241074,27.786506,0.275048,-5.960930
94,1.901674,1.241074,16.086469,0.315293,-5.960930
95,1.391306,29.428984,16.831549,0.315293,-5.960930
96,1.651284,25.454882,30.784387,2.741313,-5.960930
97,2.519896,77.393656,11.968678,0.387726,-4.370440
98,2.519896,75.921820,11.284478,0.358203,-2.400401
99,1.391306,28.794268,16.831549,0.382578,-4.367238
100,1.755337,74.082568,31.054349,2.815212,-4.618802
101,2.509291,79.993974,16.907765,2.991446,-4.689522
102,1.129700,18.173549,36.603173,0.382278,-2.398783
103,2.580837,19.565013,44.205561,0.382578,-4.367238
104,1.637997,25.454882,41.461651,2.884840,-4.618802
105,2.627383,76.298620,30.810596,3.138351,-4.689522
106,1.391306,28.996704,16.831549,3.138351,-4.689522
107,2.627383,27.693558,30.810596,0.396986,-0.740124
108,1.761359,63.723966,22.030147,0.396986,-0.740124
109,0.736968,42.201467,31.464292,2.866303,-4.208041
110,0.734705,71.288546,55.425620,0.429639,-3.626532
111,1.761359,30.932854,9.511880,3.206080,-4.689522
112,0.734705,16.695671,55.425620,2.884087,-4.208041
113,1.651314,4.856726,46.984772,2.701014,-2.009551
114,2.580837,29.288223,43.881163,2.341929,-1.749533
115,2.627383,76.298620,30.589611,0.577127,-0.799343
116,2.580837,1.365630,44.205561,0.581526,-0.799343
117,2.397062,66.854442,50.465689,3.263475,-4.689522
118,1.755337,74.082568,9.765159,2.350852,-1.749533
119,1.420256,29.428984,16.831549,3.132317,-2.726167
120,1.901674,1.241074,16.987980,0.207917,-5.960930
121,1.901674,1.719475,27.786506,0.478043,-6.613500
122,1.104487,18.179952,44.319843,0.260017,-5.960930
123,1.901674,1.241074,27.786506,0.275048,-5.960930
124,1.901674,1.241074,16.086469,0.315293,-5.960930
125,1.391306,29.428984,16.831549,0.315293,-5.960930
126,1.881209,6.256439,16.907765,0.315293,-5.960930
127,2.627383,29.455056,30.810596,0.315673,-5.960930
128,1.651284,25.454882,30.784387,2.741313,-5.960930
129,2.627383,76.298620,11.319292,0.352125,-5.954922
130,2.519896,75.371016,11.064191,0.320059,-3.728316
131,2.519896,77.393656,11.968678,0.387726,-4.370440
132,1.391306,28.794268,16.831549,0.382578,-4.367238
133,1.755337,74.082568,31.054349,2.815212,-4.618802
134,1.069314,18.179952,17.379296,0.382578,-4.367238
135,2.645996,27.698158,41.461651,2.975602,-4.689522
136,2.519896,75.921820,11.284478,0.358203,-2.400401
137,1.637997,25.454882,41.461651,2.884840,-4.618802
138,2.580837,19.565013,44.205561,0.382578,-4.367238
139,2.509291,79.993974,16.907765,2.991446,-4.689522
140,1.129700,18.173549,36.603173,0.382278,-2.398783
141,0.736968,42.201467,31.464292,2.866303,-4.208041
142,0.734705,71.288546,55.425620,0.429639,-3.626532
143,2.627383,76.298620,30.810596,3.138351,-4.689522
144,1.391306,28.996704,16.831549,3.138351,-4.689522
145,2.627383,27.693558,30.810596,0.396986,-0.740124
146,1.761359,63.723966,22.030147,0.396986,-0.740124
147,1.901326,1.136737,43.799599,0.396986,-0.740124
148,2.627383,76.298620,30.589611,0.577127,-0.799343
149,1.761359,30.932854,9.511880,3.206080,-4.689522
150,1.901674,1.719475,27.786506,0.478043,-6.613500
151,1.901674,2.503488,16.086469,0.199183,-5.960930
152,1.901674,1.241074,16.987980,0.207917,-5.960930
153,1.900416,1.719475,30.886170,0.216140,-5.960930
154,1.104487,18.179952,44.319843,0.260017,-5.960930
155,1.901674,1.241074,27.786506,0.275048,-5.960930
156,1.901674,1.241074,16.086469,0.315293,-5.960930
157,1.391306,29.428984,16.831549,0.315293,-5.960930
158,1.881209,6.256439,16.907765,0.315293,-5.960930
159,1.879419,6.256439,16.907765,0.315293,-5.960930
160,1.129700,17.884244,16.641732,0.315293,-5.960930
161,2.627383,29.455056,30.810596,0.315673,-5.960930
162,1.651284,25.454882,30.784387,2.741313,-5.960930
163,2.627383,76.298620,11.319292,0.352125,-5.954922
164,2.519896,75.371016,11.064191,0.320059,-3.728316
165,2.519896,77.393656,11.968678,0.387726,-4.370440
166,1.391306,28.794268,16.831549,0.382578,-4.367238
167,1.755337,74.082568,31.054349,2.815212,-4.618802
168,1.069314,18.179952,17.379296,0.382578,-4.367238
169,2.645996,27.698158,41.461651,2.975602,-4.689522
170,2.519896,75.921820,11.284478,0.358203,-2.400401
171,1.904580,1.241074,30.824091,0.345260,-1.800162
172,1.637997,25.454882,41.461651,2.884840,-4.618802
173,2.580837,19.565013,44.205561,0.382578,-4.367238
174,2.509291,79.993974,16.907765,2.991446,-4.689522
175,1.129700,18.173549,36.603173,0.382278,-2.398783
176,1.896975,1.241074,44.935546,0.382278,-2.398783
177,1.901674,1.655846,36.047910,0.385799,-2.393761
178,2.627383,76.298620,30.810596,3.138351,-4.689522
179,0.734705,71.288546,55.425620,0.429639,-3.626532
180,1.901674,1.719475,27.786506,0.478043,-6.613500
181,1.901674,2.503488,16.086469,0.199183,-5.960930
182,1.901674,1.241074,16.987980,0.207917,-5.960930
183,1.900416,1.719475,30.886170,0.216140,-5.960930
184,1.104487,18.179952,44.319843,0.260017,-5.960930
185,1.901674,1.241074,27.786506,0.275048,-5.960930
186,1.901674,1.241074,16.086469,0.315293,-5.960930
187,1.391306,29.428984,16.831549,0.315293,-5.960930
188,1.881209,6.256439,16.907765,0.315293,-5.960930
189,1.879419,6.256439,16.907765,0.315293,-5.960930
190,1.129700,17.884244,16.641732,0.315293,-5.960930
191,1.901674,1.126340,16.059386,0.315293,-5.960930
192,2.627383,29.455056,30.810596,0.315673,-5.960930
193,2.519896,75.371016,11.064191,0.320059,-3.728316
194,1.167786,71.288546,55.425620,0.324218,-5.960930
195,1.651284,25.454882,30.784387,2.741313,-5.960930
196,2.627383,76.298620,11.319292,0.352125,-5.954922
197,1.904580,1.241074,30.824091,0.345260,-1.800162
198,2.519896,77.393656,11.968678,0.387726,-4.370440
199,1.391306,28.794268,16.831549,0.382578,-4.367238
200,1.755337,74.082568,31.054349,2.815212,-4.618802
201,1.069314,18.179952,17.379296,0.382578,-4.367238
202,2.519896,75.921820,11.284478,0.358203,-2.400401
203,2.561745,19.705852,44.260081,2.827185,-4.914322
204,2.580837,19.565013,44.205561,0.382578,-4.367238
205,1.129700,18.173549,36.603173,0.382278,-2.398783
206,1.896975,1.241074,44.935546,0.382278,-2.398783
207,2.645996,27.698158,41.461651,2.975602,-4.689522
208,1.637997,25.454882,41.461651,2.884840,-4.618802
209,1.901674,1.655846,36.047910,0.385799,-2.393761
210,1.901674,1.719475,27.786506,0.478043,-6.613500
211,1.901674,2.503488,16.086469,0.199183,-5.960930
212,1.746721,6.256439,30.059290,0.396110,-6.563610
213,1.901674,1.241074,16.987980,0.207917,-5.960930
214,1.900416,1.719475,30.886170,0.216140,-5.960930
215,1.901985,6.256439,27.924639,0.254850,-5.960930
216,1.104487,18.179952,44.319843,0.260017,-5.960930
217,1.901674,1.241074,27.786506,0.275048,-5.960930
218,1.901674,1.241074,16.086469,0.315293,-5.960930
219,1.391306,29.428984,16.831549,0.315293,-5.960930
220,1.881209,6.256439,16.907765,0.315293,-5.960930
221,1.879419,6.256439,16.907765,0.315293,-5.960930
222,1.129700,17.884244,16.641732,0.315293,-5.960930
223,1.901674,1.126340,16.059386,0.315293,-5.960930
224,2.627383,29.455056,30.810596,0.315673,-5.960930
225,2.519896,75.371016,11.064191,0.320059,-3.728316
226,1.167786,71.288546,55.425620,0.324218,-5.960930
227,1.651284,25.454882,30.784387,2.741313,-5.960930
228,2.627383,76.298620,11.319292,0.352125,-5.954922
229,1.904580,1.241074,30.824091,0.345260,-1.800162
230,2.519896,77.393656,11.968678,0.387726,-4.370440
231,1.391306,28.794268,16.831549,0.382578,-4.367238
232,1.755337,74.082568,31.054349,2.815212,-4.618802
233,1.069314,18.179952,17.379296,0.382578,-4.367238
234,2.519896,75.921820,11.284478,0.358203,-2.400401
235,2.561745,19.705852,44.260081,2.827185,-4.914322
236,1.880898,1.241074,16.769632,0.358203,-2.400401
237,1.129700,18.173549,36.603173,0.382278,-2.398783
238,2.645996,27.698158,41.461651,2.975602,-4.689522
239,2.580837,19.565013,44.205561,0.382578,-4.367238
240,1.901674,1.719475,27.786506,0.478043,-6.613500
241,1.901674,2.503488,16.086469,0.199183,-5.960930
242,1.746721,6.256439,30.059290,0.396110,-6.563610
243,0.666914,2.130363,27.786506,0.201253,-5.960930
244,1.904181,6.160747,29.770974,0.205743,-5.960930
245,1.901674,1.241074,16.987980,0.207917,-5.960930
246,1.900416,1.719475,30.886170,0.216140,-5.960930
247,1.901985,6.256439,27.924639,0.254850,-5.960930
248,1.104487,18.179952,44.319843,0.260017,-5.960930
249,1.901674,1.241074,27.786506,0.275048,-5.960930
250,1.901674,1.241074,16.086469,0.315293,-5.960930
251,1.391306,29.428984,16.831549,0.315293,-5.960930
252,1.881209,6.256439,16.907765,0.315293,-5.960930
253,1.879419,6.256439,16.907765,0.315293,-5.960930
254,1.129700,17.884244,16.641732,0.315293,-5.960930
255,1.901674,1.126340,16.059386,0.315293,-5.960930
256,1.881128,6.256439,16.907765,0.315293,-5.960930
257,2.627383,29.455056,30.810596,0.315673,-5.960930
258,2.519896,75.371016,11.064191,0.320059,-3.728316
259,1.167786,71.288546,55.425620,0.324218,-5.960930
260,1.651284,25.454882,30.784387,2.741313,-5.960930
261,2.627383,76.298620,11.319292,0.352125,-5.954922
262,1.904580,1.241074,30.824091,0.345260,-1.800162
263,2.519896,77.393656,11.968678,0.387726,-4.370440
264,1.391306,28.794268,16.831549,0.382578,-4.367238
265,1.755337,74.082568,31.054349,2.815212,-4.618802
266,1.069314,18.179952,17.379296,0.382578,-4.367238
267,2.519896,75.921820,11.284478,0.358203,-2.400401
268,2.561745,19.705852,44.260081,2.827185,-4.914322
269,1.880898,1.241074,16.769632,0.358203,-2.400401
270,1.901674,1.719475,27.786506,0.478043,-6.613500
271,1.901674,2.503488,16.086469,0.199183,-5.960930
272,1.746721,6.256439,30.059290,0.396110,-6.563610
273,0.666914,2.130363,27.786506,0.201253,-5.960930
274,1.904181,6.160747,29.770974,0.205743,-5.960930
275,1.901674,1.241074,16.987980,0.207917,-5.960930
276,1.900416,1.719475,30.886170,0.216140,-5.960930
277,1.901985,6.256439,27.924639,0.254850,-5.960930
278,1.104487,18.179952,44.319843,0.260017,-5.960930
279,1.901674,1.241074,27.786506,0.275048,-5.960930
280,1.901674,1.241074,16.086469,0.315293,-5.960930
281,1.391306,29.428984,16.831549,0.315293,-5.960930
282,1.881209,6.256439,16.907765,0.315293,-5.960930
283,1.879419,6.256439,16.907765,0.315293,-5.960930
284,1.129700,17.884244,16.641732,0.315293,-5.960930
285,1.901674,1.126340,16.059386,0.315293,-5.960930
286,1.881128,6.256439,16.907765,0.315293,-5.960930
287,2.627383,29.455056,30.810596,0.315673,-5.960930
288,2.519896,75.371016,11.064191,0.320059,-3.728316
289,1.167786,71.288546,55.425620,0.324218,-5.960930
290,1.651284,25.454882,30.784387,2.741313,-5.960930
291,2.627383,76.298620,11.319292,0.352125,-5.954922
292,1.904580,1.241074,30.824091,0.345260,-1.800162
293,2.519896,75.921820,11.284478,0.358203,-2.400401
294,2.561745,19.705852,44.260081,2.827185,-4.914322
295,1.755337,74.082568,31.054349,2.815212,-4.618802
296,2.519896,77.393656,11.968678,0.387726,-4.370440
297,1.391306,28.794268,16.831549,0.382578,-4.367238
298,1.104487,17.933545,44.319843,0.358203,-2.400401
299,1.069314,18.179952,17.379296,0.382578,-4.367238
300,1.881128,5.994803,16.810607,0.207431,-6.694620
301,1.104487,1.604916,45.176538,0.196003,-5.960930
302,1.901674,1.719475,27.786506,0.478043,-6.613500
303,1.746721,6.256439,30.059290,0.396110,-6.563610
304,1.901674,2.503488,16.086469,0.199183,-5.960930
305,0.666914,2.130363,27.786506,0.201253,-5.960930
306,1.904181,6.160747,29.770974,0.205743,-5.960930
307,1.901674,1.241074,16.987980,0.207917,-5.960930
308,1.900416,1.719475,30.886170,0.216140,-5.960930
309,1.901985,6.256439,27.924639,0.254850,-5.960930
310,1.104487,18.179952,44.319843,0.260017,-5.960930
311,1.901674,1.241074,27.786506,0.275048,-5.960930
312,1.901674,1.241074,16.086469,0.315293,-5.960930
313,1.391306,29.428984,16.831549,0.315293,-5.960930
314,1.881209,6.256439,16.907765,0.315293,-5.960930
315,1.879419,6.256439,16.907765,0.315293,-5.960930
316,1.129700,17.884244,16.641732,0.315293,-5.960930
317,1.901674,1.126340,16.059386,0.315293,-5.960930
318,1.881128,6.256439,16.907765,0.315293,-5.960930
319,2.627383,29.455056,30.810596,0.315673,-5.960930
320,2.519896,75.371016,11.064191,0.320059,-3.728316
321,1.167786,71.288546,55.425620,0.324218,-5.960930
322,1.651284,25.454882,30.784387,2.741313,-5.960930
323,2.627383,76.298620,11.319292,0.352125,-5.954922
324,1.904580,1.241074,30.824091,0.345260,-1.800162
325,2.326743,6.256439,17.288540,0.348393,-1.785941
326,2.561745,19.705852,44.260081,2.827185,-4.914322
327,1.755337,74.082568,31.054349,2.815212,-4.618802
328,2.519896,77.393656,11.968678,0.387726,-4.370440
329,2.519896,75.921820,11.284478,0.358203,-2.400401
330,1.881128,5.994803,16.810607,0.207431,-6.694620
331,1.104487,1.604916,45.176538,0.196003,-5.960930
332,1.901674,1.719475,27.786506,0.478043,-6.613500
333,1.746721,6.256439,30.059290,0.396110,-6.563610
334,1.901674,2.503488,16.086469,0.199183,-5.960930
335,0.666914,2.130363,27.786506,0.201253,-5.960930
336,1.904181,6.160747,29.770974,0.205743,-5.960930
337,1.901674,1.241074,16.987980,0.207917,-5.960930
338,1.900416,1.719475,30.886170,0.216140,-5.960930
339,1.901985,6.256439,27.924639,0.254850,-5.960930
340,1.104487,18.179952,44.319843,0.260017,-5.960930
341,1.901674,1.241074,27.786506,0.275048,-5.960930
342,1.901674,1.241074,16.086469,0.315293,-5.960930
343,1.391306,29.428984,16.831549,0.315293,-5.960930
344,1.881209,6.256439,16.907765,0.315293,-5.960930
345,1.879419,6.256439,16.907765,0.315293,-5.960930
346,1.129700,17.884244,16.641732,0.315293,-5.960930
347,1.901674,1.126340,16.059386,0.315293,-5.960930
348,1.881128,6.256439,16.907765,0.315293,-5.960930
349,2.627383,29.455056,30.810596,0.315673,-5.960930
350,2.519896,75.371016,11.064191,0.320059,-3.728316
351,1.167786,71.288546,55.425620,0.324218,-5.960930
352,1.651284,25.454882,30.784387,2.741313,-5.960930
353,2.627383,76.298620,11.319292,0.352125,-5.954922
354,1.904580,1.241074,30.824091,0.345260,-1.800162
355,1.989885,2.503488,16.086469,0.340232,-1.655065
356,2.561745,19.705852,44.260081,2.827185,-4.914322
357,2.326743,6.256439,17.288540,0.348393,-1.785941
358,1.737370,6.256439,30.059290,0.463858,-4.651552
359,2.519896,75.921820,11.284478,0.358203,-2.400401
360,1.881128,5.994803,16.810607,0.207431,-6.694620
361,1.104487,1.604916,45.176538,0.196003,-5.960930
362,1.901674,1.719475,27.786506,0.478043,-6.613500
363,1.746721,6.256439,30.059290,0.396110,-6.563610
364,1.901674,2.503488,16.086469,0.199183,-5.960930
365,0.666914,2.130363,27.786506,0.201253,-5.960930
366,1.904181,6.160747,29.770974,0.205743,-5.960930
367,1.901674,1.241074,16.987980,0.207917,-5.960930
368,1.900416,1.719475,30.886170,0.216140,-5.960930
369,1.901985,6.256439,27.924639,0.254850,-5.960930
370,1.104487,18.179952,44.319843,0.260017,-5.960930
371,1.901674,1.241074,27.786506,0.275048,-5.960930
372,1.901674,1.241074,27.810748,0.303353,-5.960930
373,1.901674,1.241074,16.086469,0.315293,-5.960930
374,1.391306,29.428984,16.831549,0.315293,-5.960930
375,1.881209,6.256439,16.907765,0.315293,-5.960930
376,1.879419,6.256439,16.907765,0.315293,-5.960930
377,1.129700,17.884244,16.641732,0.315293,-5.960930
378,1.901674,1.126340,16.059386,0.315293,-5.960930
379,1.881128,6.256439,16.907765,0.315293,-5.960930
380,2.627383,29.455056,30.810596,0.315673,-5.960930
381,2.519896,75.371016,11.064191,0.320059,-3.728316
382,1.167786,71.288546,55.425620,0.324218,-5.960930
383,1.651284,25.454882,30.784387,2.741313,-5.960930
384,2.627383,76.298620,11.319292,0.352125,-5.954922
385,1.904580,1.241074,30.824091,0.345260,-1.800162
386,1.989885,2.503488,16.086469,0.340232,-1.655065
387,2.326743,6.256439,17.288540,0.348393,-1.785941
388,1.881209,11.540292,17.454308,3.170237,-5.960930
389,2.561745,19.705852,44.260081,2.827185,-4.914322
390,1.881128,5.994803,16.810607,0.207431,-6.694620
391,1.104487,1.604916,45.176538,0.196003,-5.960930
392,1.901674,1.719475,27.786506,0.478043,-6.613500
393,1.746721,6.256439,30.059290,0.396110,-6.563610
394,1.901674,2.503488,16.086469,0.199183,-5.960930
395,0.666914,2.130363,27.786506,0.201253,-5.960930
396,1.904181,6.160747,29.770974,0.205743,-5.960930
397,1.901674,1.241074,16.987980,0.207917,-5.960930
398,2.625861,30.554485,30.810596,0.215130,-5.960930
399,1.900416,1.719475,30.886170,0.216140,-5.960930
400,1.901985,6.256439,27.924639,0.254850,-5.960930
401,1.104487,18.179952,44.319843,0.260017,-5.960930
402,1.901674,1.241074,27.786506,0.275048,-5.960930
403,1.901674,1.241074,27.810748,0.303353,-5.960930
404,1.901674,1.241074,16.086469,0.315293,-5.960930
405,1.391306,29.428984,16.831549,0.315293,-5.960930
406,1.881209,6.256439,16.907765,0.315293,-5.960930
407,1.879419,6.256439,16.907765,0.315293,-5.960930
408,1.129700,17.884244,16.641732,0.315293,-5.960930
409,1.901674,1.126340,16.059386,0.315293,-5.960930
410,1.881128,6.256439,16.907765,0.315293,-5.960930
411,2.627383,29.455056,30.810596,0.315673,-5.960930
412,2.519896,75.371016,11.064191,0.320059,-3.728316
413,1.167786,71.288546,55.425620,0.324218,-5.960930
414,1.717198,9.696734,30.059290,0.334217,-5.960930
415,1.651284,25.454882,30.784387,2.741313,-5.960930
416,2.627383,76.298620,11.319292,0.352125,-5.954922
417,1.904580,1.241074,30.824091,0.345260,-1.800162
418,1.989885,2.503488,16.086469,0.340232,-1.655065
419,2.326743,6.256439,17.288540,0.348393,-1.785941
420,1.881128,5.994803,16.810607,0.207431,-6.694620
421,1.104487,1.604916,45.176538,0.196003,-5.960930
422,1.901674,1.719475,27.786506,0.478043,-6.613500
423,1.746721,6.256439,30.059290,0.396110,-6.563610
424,1.901674,2.503488,16.086469,0.199183,-5.960930
425,0.666914,2.130363,27.786506,0.201253,-5.960930
426,1.904181,6.160747,29.770974,0.205743,-5.960930
427,1.901674,1.241074,16.987980,0.207917,-5.960930
428,2.625861,30.554485,30.810596,0.215130,-5.960930
429,1.900416,1.719475,30.886170,0.216140,-5.960930
430,1.901985,6.256439,27.924639,0.254850,-5.960930
431,1.104487,18.179952,44.319843,0.260017,-5.960930
432,1.901674,1.241074,27.786506,0.275048,-5.960930
433,1.901674,1.241074,27.810748,0.303353,-5.960930
434,1.901674,1.241074,16.086469,0.315293,-5.960930
435,1.391306,29.428984,16.831549,0.315293,-5.960930
436,1.881209,6.256439,16.907765,0.315293,-5.960930
437,1.879419,6.256439,16.907765,0.315293,-5.960930
438,1.129700,17.884244,16.641732,0.315293,-5.960930
439,1.901674,1.126340,16.059386,0.315293,-5.960930
440,1.881128,6.256439,16.907765,0.315293,-5.960930
441,2.627383,29.455056,30.810596,0.315673,-5.960930
442,2.519896,75.371016,11.064191,0.320059,-3.728316
443,1.167786,71.288546,55.425620,0.324218,-5.960930
444,1.717198,9.696734,30.059290,0.334217,-5.960930
445,1.651284,25.454882,30.784387,2.741313,-5.960930
446,2.627383,76.298620,11.319292,0.352125,-5.954922
447,1.904580,1.241074,30.824091,0.345260,-1.800162
448,1.989885,2.503488,16.086469,0.340232,-1.655065
449,2.326743,6.256439,17.288540,0.348393,-1.785941
450,1.881128,5.994803,16.810607,0.207431,-6.694620
451,1.104487,1.604916,45.176538,0.196003,-5.960930
452,1.901674,1.719475,27.786506,0.478043,-6.613500
453,1.746721,6.256439,30.059290,0.396110,-6.563610
454,1.901674,2.503488,16.086469,0.199183,-5.960930
455,0.666914,2.130363,27.786506,0.201253,-5.960930
456,1.904181,6.160747,29.770974,0.205743,-5.960930
457,1.901674,1.241074,16.987980,0.207917,-5.960930
458,2.625861,30.554485,30.810596,0.215130,-5.960930
459,1.900416,1.719475,30.886170,0.216140,-5.960930
460,1.901985,6.256439,27.924639,0.254850,-5.960930
461,1.104487,18.179952,44.319843,0.260017,-5.960930
462,1.901674,1.241074,27.786506,0.275048,-5.960930
463,1.901674,1.241074,27.810748,0.303353,-5.960930
464,1.901674,1.241074,16.086469,0.315293,-5.960930
465,1.391306,29.428984,16.831549,0.315293,-5.960930
466,1.881209,6.256439,16.907765,0.315293,-5.960930
467,1.879419,6.256439,16.907765,0.315293,-5.960930
468,1.129700,17.884244,16.641732,0.315293,-5.960930
469,1.901674,1.126340,16.059386,0.315293,-5.960930
470,1.881128,6.256439,16.907765,0.315293,-5.960930
471,2.627383,29.455056,30.810596,0.315673,-5.960930
472,2.519896,75.371016,11.064191,0.320059,-3.728316
473,1.167786,71.288546,55.425620,0.324218,-5.960930
474,1.717198,9.696734,30.059290,0.334217,-5.960930
475,2.627383,76.298620,11.319292,0.352125,-5.954922
476,1.904580,1.241074,30.824091,0.345260,-1.800162
477,1.989885,2.503488,16.086469,0.340232,-1.655065
478,1.901985,6.452799,16.086469,0.484716,-5.960930
479,2.326743,6.256439,17.288540,0.348393,-1.785941
480,1.881128,5.994803,16.810607,0.207431,-6.694620
481,1.104487,1.604916,45.176538,0.196003,-5.960930
482,1.901674,1.719475,27.786506,0.478043,-6.613500
483,1.746721,6.256439,30.059290,0.396110,-6.563610
484,1.901674,2.503488,16.086469,0.199183,-5.960930
485,0.666914,2.130363,27.786506,0.201253,-5.960930
486,1.904181,6.160747,29.770974,0.205743,-5.960930
487,1.901674,1.241074,16.987980,0.207917,-5.960930
488,2.625861,30.554485,30.810596,0.215130,-5.960930
489,1.900416,1.719475,30.886170,0.216140,-5.960930
490,1.901985,6.256439,27.924639,0.254850,-5.960930
491,1.104487,18.179952,44.319843,0.260017,-5.960930
492,1.901674,1.241074,27.786506,0.275048,-5.960930
493,1.901674,1.241074,27.810748,0.303353,-5.960930
494,1.901674,1.241074,16.086469,0.315293,-5.960930
495,1.391306,29.428984,16.831549,0.315293,-5.960930
496,1.881209,6.256439,16.907765,0.315293,-5.960930
497,1.879419,6.256439,16.907765,0.315293,-5.960930
498,1.129700,17.884244,16.641732,0.315293,-5.960930
499,1.901674,1.126340,16.059386,0.315293,-5.960930
500,1.881128,6.256439,16.907765,0.315293,-5.960930
501,2.627383,29.455056,30.810596,0.315673,-5.960930
502,2.519896,75.371016,11.064191,0.320059,-3.728316
503,1.167786,71.288546,55.425620,0.324218,-5.960930
504,1.717198,9.696734,30.059290,0.334217,-5.960930
505,2.627383,76.298620,11.319292,0.352125,-5.954922
506,1.904580,1.241074,30.824091,0.345260,-1.800162
507,1.989885,2.503488,16.086469,0.340232,-1.655065
508,1.901985,6.452799,16.086469,0.484716,-5.960930
509,2.326743,6.256439,17.288540,0.348393,-1.785941
510,1.881128,5.994803,16.810607,0.207431,-6.694620
511,1.104487,1.604916,45.176538,0.196003,-5.960930
512,1.901674,1.719475,27.786506,0.478043,-6.613500
513,1.746721,6.256439,30.059290,0.396110,-6.563610
514,1.901674,2.503488,16.086469,0.199183,-5.960930
515,0.666914,2.130363,27.786506,0.201253,-5.960930
516,1.904181,6.160747,29.770974,0.205743,-5.960930
517,1.901674,1.241074,16.987980,0.207917,-5.960930
518,2.625861,30.554485,30.810596,0.215130,-5.960930
519,1.900416,1.719475,30.886170,0.216140,-5.960930
520,1.901985,6.256439,27.924639,0.254850,-5.960930
521,1.104487,18.179952,44.319843,0.260017,-5.960930
522,1.901674,1.241074,27.786506,0.275048,-5.960930
523,1.901674,1.241074,27.810748,0.303353,-5.960930
524,1.901674,1.241074,16.086469,0.315293,-5.960930
525,1.391306,29.428984,16.831549,0.315293,-5.960930
526,1.881209,6.256439,16.907765,0.315293,-5.960930
527,1.879419,6.256439,16.907765,0.315293,-5.960930
528,1.129700,17.884244,16.641732,0.315293,-5.960930
529,1.901674,1.126340,16.059386,0.315293,-5.960930
530,1.881128,6.256439,16.907765,0.315293,-5.960930
531,1.881131,6.245579,16.911603,0.315293,-5.960930
532,2.627383,29.455056,30.810596,0.315673,-5.960930
533,2.519896,75.371016,11.064191,0.320059,-3.728316
534,1.167786,71.288546,55.425620,0.324218,-5.960930
535,1.717198,9.696734,30.059290,0.334217,-5.960930
536,2.627383,76.298620,11.319292,0.352125,-5.954922
537,1.904580,1.241074,30.824091,0.345260,-1.800162
538,1.989885,2.503488,16.086469,0.340232,-1.655065
539,1.901985,6.452799,16.086469,0.484716,-5.960930
540,1.881128,5.994803,16.810607,0.207431,-6.694620
541,1.104487,1.604916,45.176538,0.196003,-5.960930
542,1.901674,1.719475,27.786506,0.478043,-6.613500
543,1.746721,6.256439,30.059290,0.396110,-6.563610
544,1.901674,2.503488,16.086469,0.199183,-5.960930
545,0.666914,2.130363,27.786506,0.201253,-5.960930
546,1.904181,6.160747,29.770974,0.205743,-5.960930
547,1.901674,1.241074,16.987980,0.207917,-5.960930
548,2.625861,30.554485,30.810596,0.215130,-5.960930
549,1.900416,1.719475,30.886170,0.216140,-5.960930
550,1.901985,6.256439,27.924639,0.254850,-5.960930
551,1.104487,18.179952,44.319843,0.260017,-5.960930
552,1.901674,1.241074,27.786506,0.275048,-5.960930
553,1.901674,1.241074,27.810748,0.303353,-5.960930
554,1.901674,1.241074,16.086469,0.315293,-5.960930
555,1.391306,29.428984,16.831549,0.315293,-5.960930
556,1.881209,6.256439,16.907765,0.315293,-5.960930
557,1.879419,6.256439,16.907765,0.315293,-5.960930
558,1.129700,17.884244,16.641732,0.315293,-5.960930
559,1.901674,1.126340,16.059386,0.315293,-5.960930
560,1.881128,6.256439,16.907765,0.315293,-5.960930
561,1.881131,6.245579,16.911603,0.315293,-5.960930
562,2.627383,29.455056,30.810596,0.315673,-5.960930
563,2.519896,75.371016,11.064191,0.320059,-3.728316
564,1.167786,71.288546,55.425620,0.324218,-5.960930
565,1.717198,9.696734,30.059290,0.334217,-5.960930
566,2.627383,76.298620,11.319292,0.352125,-5.954922
567,1.904580,1.241074,30.824091,0.345260,-1.800162
568,1.989885,2.503488,16.086469,0.340232,-1.655065
569,1.901985,6.452799,16.086469,0.484716,-5.960930
570,1.881128,5.994803,16.810607,0.207431,-6.694620
571,1.104487,1.604916,45.176538,0.196003,-5.960930
572,1.901674,1.719475,27.786506,0.478043,-6.613500
573,1.746721,6.256439,30.059290,0.396110,-6.563610
574,1.901674,2.503488,16.086469,0.199183,-5.960930
575,0.666914,2.130363,27.786506,0.201253,-5.960930
576,2.625861,30.554485,34.547609,0.202977,-5.960930
577,1.904181,6.160747,29.770974,0.205743,-5.960930
578,1.901674,1.241074,16.987980,0.207917,-5.960930
579,2.625861,30.554485,30.810596,0.215130,-5.960930
580,1.900416,1.719475,30.886170,0.216140,-5.960930
581,1.901985,6.256439,27.924639,0.254850,-5.960930
582,1.104487,18.179952,44.319843,0.260017,-5.960930
583,1.901674,1.241074,27.786506,0.275048,-5.960930
584,1.901674,1.241074,27.810748,0.303353,-5.960930
585,1.901674,1.248010,27.786506,0.292953,-2.381652
586,1.901674,1.241074,16.086469,0.315293,-5.960930
587,1.391306,29.428984,16.831549,0.315293,-5.960930
588,1.881209,6.256439,16.907765,0.315293,-5.960930
589,1.879419,6.256439,16.907765,0.315293,-5.960930
590,1.129700,17.884244,16.641732,0.315293,-5.960930
591,1.901674,1.126340,16.059386,0.315293,-5.960930
592,1.881128,6.256439,16.907765,0.315293,-5.960930
593,1.881131,6.245579,16.911603,0.315293,-5.960930
594,2.627383,29.455056,30.810596,0.315673,-5.960930
595,2.519896,75.371016,11.064191,0.320059,-3.728316
596,1.167786,71.288546,55.425620,0.324218,-5.960930
597,1.717198,9.696734,30.059290,0.334217,-5.960930
598,1.989885,2.503488,16.086469,0.340232,-1.655065
599,1.901985,6.452799,16.086469,0.484716,-5.960930
600,1.881128,5.994803,16.810607,0.207431,-6.694620
601,1.104487,1.604916,45.176538,0.196003,-5.960930
602,1.901674,1.719475,27.786506,0.478043,-6.613500
603,1.746721,6.256439,30.059290,0.396110,-6.563610
604,1.901674,2.503488,16.086469,0.199183,-5.960930
605,0.666914,2.130363,27.786506,0.201253,-5.960930
606,2.625861,30.554485,34.547609,0.202977,-5.960930
607,1.904181,6.160747,29.770974,0.205743,-5.960930
608,1.901674,1.241074,16.987980,0.207917,-5.960930
609,2.625861,30.554485,30.810596,0.215130,-5.960930
610,1.900416,1.719475,30.886170,0.216140,-5.960930
611,1.746721,9.412569,30.059290,0.247293,-5.960930
612,1.901985,6.256439,27.924639,0.254850,-5.960930
613,1.104487,18.179952,44.319843,0.260017,-5.960930
614,1.901674,1.241074,27.786506,0.275048,-5.960930
615,1.901674,1.241074,27.810748,0.303353,-5.960930
616,1.901674,1.248010,27.786506,0.292953,-2.381652
617,1.896203,7.361218,32.446064,0.309962,-5.960930
618,1.901674,1.241074,16.086469,0.315293,-5.960930
619,1.391306,29.428984,16.831549,0.315293,-5.960930
620,1.881209,6.256439,16.907765,0.315293,-5.960930
621,1.879419,6.256439,16.907765,0.315293,-5.960930
622,1.129700,17.884244,16.641732,0.315293,-5.960930
623,1.901674,1.126340,16.059386,0.315293,-5.960930
624,1.881128,6.256439,16.907765,0.315293,-5.960930
625,1.881131,6.245579,16.911603,0.315293,-5.960930
626,2.627383,29.455056,30.810596,0.315673,-5.960930
627,2.519896,75.371016,11.064191,0.320059,-3.728316
628,1.167786,71.288546,55.425620,0.324218,-5.960930
629,1.717198,9.696734,30.059290,0.334217,-5.960930
630,1.881128,5.994803,16.810607,0.207431,-6.694620
631,1.104487,1.604916,45.176538,0.196003,-5.960930
632,1.901674,1.719475,27.786506,0.478043,-6.613500
633,1.746721,6.256439,30.059290,0.396110,-6.563610
634,1.901674,2.503488,16.086469,0.199183,-5.960930
635,0.967072,36.902303,34.475183,0.200269,-5.960930
636,0.666914,2.130363,27.786506,0.201253,-5.960930
637,2.625861,30.554485,34.547609,0.202977,-5.960930
638,1.904181,6.160747,29.770974,0.205743,-5.960930
639,1.901674,1.241074,16.987980,0.207917,-5.960930
640,2.625861,30.554485,30.810596,0.215130,-5.960930
641,1.900416,1.719475,30.886170,0.216140,-5.960930
642,1.746721,9.412569,30.059290,0.247293,-5.960930
643,1.901985,6.256439,27.924639,0.254850,-5.960930
644,1.104487,18.179952,44.319843,0.260017,-5.960930
645,1.901674,1.241074,27.786506,0.275048,-5.960930
646,1.901674,1.248010,27.786506,0.292953,-2.381652
647,1.901674,1.241074,28.144981,0.293583,-5.960930
648,1.901674,1.241074,27.810748,0.303353,-5.960930
649,1.901674,1.248010,16.058995,0.306635,-5.960930
650,1.896203,7.361218,32.446064,0.309962,-5.960930
651,1.901674,1.241074,16.086469,0.315293,-5.960930
652,1.391306,29.428984,16.831549,0.315293,-5.960930
653,1.881209,6.256439,16.907765,0.315293,-5.960930
654,1.879419,6.256439,16.907765,0.315293,-5.960930
655,1.129700,17.884244,16.641732,0.315293,-5.960930
656,1.901674,1.126340,16.059386,0.315293,-5.960930
657,1.881128,6.256439,16.907765,0.315293,-5.960930
658,1.881131,6.245579,16.911603,0.315293,-5.960930
659,2.627383,29.455056,30.810596,0.315673,-5.960930
660,1.881128,5.994803,16.810607,0.207431,-6.694620
661,1.104487,1.604916,45.176538,0.196003,-5.960930
662,1.901674,1.719475,27.786506,0.478043,-6.613500
663,1.746721,6.256439,30.059290,0.396110,-6.563610
664,1.901674,2.503488,16.086469,0.199183,-5.960930
665,0.967072,36.902303,34.475183,0.200269,-5.960930
666,0.666914,2.130363,27.786506,0.201253,-5.960930
667,2.625861,30.554485,34.547609,0.202977,-5.960930
668,1.904181,6.160747,29.770974,0.205743,-5.960930
669,1.901674,1.241074,16.987980,0.207917,-5.960930
670,2.625861,30.554485,30.810596,0.215130,-5.960930
671,1.900416,1.719475,30.886170,0.216140,-5.960930
672,1.746721,9.412569,30.059290,0.247293,-5.960930
673,1.901985,6.256439,27.924639,0.254850,-5.960930
674,1.104487,18.179952,44.319843,0.260017,-5.960930
675,1.901674,1.241074,27.786506,0.275048,-5.960930
676,1.901674,1.248010,27.786506,0.292953,-2.381652
677,1.901674,1.241074,28.144981,0.293583,-5.960930
678,1.901674,1.241074,27.810748,0.303353,-5.960930
679,1.901674,1.248010,16.058995,0.306635,-5.960930
680,1.896203,7.361218,32.446064,0.309962,-5.960930
681,1.901674,1.241074,16.086469,0.315293,-5.960930
682,1.391306,29.428984,16.831549,0.315293,-5.960930
683,1.881209,6.256439,16.907765,0.315293,-5.960930
684,1.879419,6.256439,16.907765,0.315293,-5.960930
685,1.129700,17.884244,16.641732,0.315293,-5.960930
686,1.901674,1.126340,16.059386,0.315293,-5.960930
687,1.881128,6.256439,16.907765,0.315293,-5.960930
688,1.881131,6.245579,16.911603,0.315293,-5.960930
689,2.627383,29.455056,30.810596,0.315673,-5.960930
690,1.881128,5.994803,16.810607,0.207431,-6.694620
691,1.104487,1.604916,45.176538,0.196003,-5.960930
692,1.901674,1.719475,27.786506,0.478043,-6.613500
693,1.746721,6.256439,30.059290,0.396110,-6.563610
694,1.901674,2.503488,16.086469,0.199183,-5.960930
695,0.967072,36.902303,34.475183,0.200269,-5.960930
696,0.666914,2.130363,27.786506,0.201253,-5.960930
697,2.625861,30.554485,34.547609,0.202977,-5.960930
698,1.904181,6.160747,29.770974,0.205743,-5.960930
699,1.901674,1.241074,16.987980,0.207917,-5.960930
700,2.625861,30.554485,30.810596,0.215130,-5.960930
701,1.900416,1.719475,30.886170,0.216140,-5.960930
702,1.746721,9.412569,30.059290,0.247293,-5.960930
703,1.901985,6.256439,27.924639,0.254850,-5.960930
704,1.104487,18.179952,44.319843,0.260017,-5.960930
705,1.901674,1.241074,27.786506,0.275048,-5.960930
706,1.901674,1.248010,27.786506,0.292953,-2.381652
707,1.901674,1.241074,28.144981,0.293583,-5.960930
708,1.901674,1.241074,27.810748,0.303353,-5.960930
709,1.901674,1.248010,16.058995,0.306635,-5.960930
710,1.896203,7.361218,32.446064,0.309962,-5.960930
711,1.901674,1.241074,16.086469,0.315293,-5.960930
712,1.391306,29.428984,16.831549,0.315293,-5.960930
713,1.881209,6.256439,16.907765,0.315293,-5.960930
714,1.879419,6.256439,16.907765,0.315293,-5.960930
715,1.129700,17.884244,16.641732,0.315293,-5.960930
716,1.901674,1.126340,16.059386,0.315293,-5.960930
717,1.881128,6.256439,16.907765,0.315293,-5.960930
718,1.881131,6.245579,16.911603,0.315293,-5.960930
719,1.116297,18.179952,44.319843,0.315293,-5.960930
720,1.881128,5.994803,16.810607,0.207431,-6.694620
721,1.104487,1.604916,45.176538,0.196003,-5.960930
722,1.901674,1.719475,27.786506,0.478043,-6.613500
723,1.746721,6.256439,30.059290,0.396110,-6.563610
724,1.901674,2.503488,16.086469,0.199183,-5.960930
725,0.967072,36.902303,34.475183,0.200269,-5.960930
726,0.666914,2.130363,27.786506,0.201253,-5.960930
727,2.625861,30.554485,34.547609,0.202977,-5.960930
728,1.904181,6.160747,29.770974,0.205743,-5.960930
729,1.901674,1.241074,16.987980,0.207917,-5.960930
730,2.625861,30.554485,30.810596,0.215130,-5.960930
731,1.900416,1.719475,30.886170,0.216140,-5.960930
732,1.746721,9.412569,30.059290,0.247293,-5.960930
733,1.901985,6.256439,27.924639,0.254850,-5.960930
734,1.104487,18.179952,44.319843,0.260017,-5.960930
735,1.901674,1.241074,27.786506,0.275048,-5.960930
736,2.236942,7.923590,26.588291,0.291173,-5.960930
737,1.901674,1.248010,27.786506,0.292953,-2.381652
738,1.901674,1.241074,28.144981,0.293583,-5.960930
739,1.901674,1.241074,27.810748,0.303353,-5.960930
740,1.901674,1.248010,16.058995,0.306635,-5.960930
741,1.896203,7.361218,32.446064,0.309962,-5.960930
742,1.901674,1.126340,16.059386,0.315293,-5.960930
743,1.116297,18.179952,44.319843,0.315293,-5.960930
744,1.879419,6.256439,16.907765,0.315293,-5.960930
745,1.881209,6.256439,16.907765,0.315293,-5.960930
746,1.881131,6.245579,16.911603,0.315293,-5.960930
747,1.901674,1.241074,16.086469,0.315293,-5.960930
748,1.881128,6.256439,16.907765,0.315293,-5.960930
749,1.129700,17.884244,16.641732,0.315293,-5.960930
750,1.881128,5.994803,16.810607,0.207431,-6.694620
751,1.104487,1.604916,45.176538,0.196003,-5.960930
752,1.901674,1.719475,27.786506,0.478043,-6.613500
753,1.746721,6.256439,30.059290,0.396110,-6.563610
754,2.649082,30.554485,29.615102,0.243858,-5.977380
755,1.901674,2.503488,16.086469,0.199183,-5.960930
756,0.967072,36.902303,34.475183,0.200269,-5.960930
757,1.908539,30.554485,30.675486,0.200281,-5.960930
758,0.666914,2.130363,27.786506,0.201253,-5.960930
759,2.625861,30.554485,34.547609,0.202977,-5.960930
760,1.904181,6.160747,29.770974,0.205743,-5.960930
761,1.901674,1.241074,16.987980,0.207917,-5.960930
762,2.625861,30.554485,30.810596,0.215130,-5.960930
763,1.900416,1.719475,30.886170,0.216140,-5.960930
764,1.746721,9.412569,30.059290,0.247293,-5.960930
765,1.901985,6.256439,27.924639,0.254850,-5.960930
766,1.104487,18.179952,44.319843,0.260017,-5.960930
767,1.901674,1.241074,27.786506,0.275048,-5.960930
768,1.176230,1.604916,45.857371,0.274614,-2.509535
769,2.236942,7.923590,26.588291,0.291173,-5.960930
770,1.901674,1.248010,27.786506,0.292953,-2.381652
771,1.901674,1.241074,28.144981,0.293583,-5.960930
772,1.901674,1.241074,27.810748,0.303353,-5.960930
773,1.901674,1.248010,16.058995,0.306635,-5.960930
774,2.618996,1.241074,16.221579,0.306635,-5.960930
775,1.896203,7.361218,32.446064,0.309962,-5.960930
776,1.901674,1.126340,16.059386,0.315293,-5.960930
777,1.881131,6.245579,16.911603,0.315293,-5.960930
778,1.901674,1.241074,16.086469,0.315293,-5.960930
779,1.116297,18.179952,44.319843,0.315293,-5.960930
780,1.881128,5.994803,16.810607,0.207431,-6.694620
781,1.104487,1.604916,45.176538,0.196003,-5.960930
782,1.901674,1.719475,27.786506,0.478043,-6.613500
783,1.746721,6.256439,30.059290,0.396110,-6.563610
784,2.649082,30.554485,29.615102,0.243858,-5.977380
785,1.901674,2.137179,16.987980,3.227695,-6.654860
786,1.901674,2.503488,16.086469,0.199183,-5.960930
787,0.967072,36.902303,34.475183,0.200269,-5.960930
788,1.908539,30.554485,30.675486,0.200281,-5.960930
789,0.666914,2.130363,27.786506,0.201253,-5.960930
790,2.625861,30.554485,34.547609,0.202977,-5.960930
791,1.904181,6.160747,29.770974,0.205743,-5.960930
792,1.901674,1.241074,16.987980,0.207917,-5.960930
793,2.625861,30.554485,30.810596,0.215130,-5.960930
794,1.900416,1.719475,30.886170,0.216140,-5.960930
795,1.746721,9.412569,30.059290,0.247293,-5.960930
796,1.901985,6.256439,27.924639,0.254850,-5.960930
797,1.104487,18.179952,44.319843,0.260017,-5.960930
798,1.901674,1.241074,27.786506,0.275048,-5.960930
799,1.176230,1.604916,45.857371,0.274614,-2.509535
800,2.236942,7.923590,26.588291,0.291173,-5.960930
801,1.901674,1.248010,27.786506,0.292953,-2.381652
802,1.901674,1.241074,28.144981,0.293583,-5.960930
803,1.901674,1.241074,27.810748,0.303353,-5.960930
804,1.901674,1.248010,16.058995,0.306635,-5.960930
805,2.618996,1.241074,16.221579,0.306635,-5.960930
806,1.904181,2.531954,29.770974,0.306635,-5.960930
807,1.896203,7.361218,32.446064,0.309962,-5.960930
808,1.881050,5.994803,16.813644,0.313587,-5.960930
809,1.901674,1.126340,16.059386,0.315293,-5.960930
810,1.881128,5.994803,16.810607,0.207431,-6.694620
811,1.104487,1.604916,45.176538,0.196003,-5.960930
812,1.901674,1.719475,27.786506,0.478043,-6.613500
813,1.746721,6.256439,30.059290,0.396110,-6.563610
814,2.649082,30.554485,29.615102,0.243858,-5.977380
815,1.901674,2.137179,16.987980,3.227695,-6.654860
816,1.901674,2.503488,16.086469,0.199183,-5.960930
817,0.967072,36.902303,34.475183,0.200269,-5.960930
818,1.908539,30.554485,30.675486,0.200281,-5.960930
819,0.666914,2.130363,27.786506,0.201253,-5.960930
820,2.625861,30.554485,34.547609,0.202977,-5.960930
821,1.904181,6.160747,29.770974,0.205743,-5.960930
822,1.901674,1.241074,16.987980,0.207917,-5.960930
823,2.625861,30.554485,30.810596,0.215130,-5.960930
824,1.900416,1.719475,30.886170,0.216140,-5.960930
825,1.746721,9.412569,30.059290,0.247293,-5.960930
826,1.901985,6.256439,27.924639,0.254850,-5.960930
827,1.104487,18.179952,44.319843,0.260017,-5.960930
828,1.901674,1.241074,27.786506,0.275048,-5.960930
829,1.176230,1.604916,45.857371,0.274614,-2.509535
830,2.236942,7.923590,26.588291,0.291173,-5.960930
831,1.901674,1.248010,27.786506,0.292953,-2.381652
832,1.901674,1.241074,28.144981,0.293583,-5.960930
833,1.901674,1.241074,27.810748,0.303353,-5.960930
834,1.901674,1.248010,16.058995,0.306635,-5.960930
835,2.618996,1.241074,16.221579,0.306635,-5.960930
836,1.904181,2.531954,29.770974,0.306635,-5.960930
837,1.896203,7.361218,32.446064,0.309962,-5.960930
838,1.881050,5.994803,16.813644,0.313587,-5.960930
839,1.901674,1.126340,16.059386,0.315293,-5.960930
840,1.881128,5.994803,16.810607,0.207431,-6.694620
841,1.104487,1.604916,45.176538,0.196003,-5.960930
842,1.901674,1.719475,27.786506,0.478043,-6.613500
843,1.746721,6.256439,30.059290,0.396110,-6.563610
844,2.649082,30.554485,29.615102,0.243858,-5.977380
845,1.901674,2.137179,16.987980,3.227695,-6.654860
846,1.901674,2.503488,16.086469,0.199183,-5.960930
847,0.967072,36.902303,34.475183,0.200269,-5.960930
848,1.908539,30.554485,30.675486,0.200281,-5.960930
849,0.666914,2.130363,27.786506,0.201253,-5.960930
850,2.625861,30.554485,34.547609,0.202977,-5.960930
851,1.904181,6.160747,29.770974,0.205743,-5.960930
852,1.901674,1.241074,16.987980,0.207917,-5.960930
853,2.625861,30.554485,30.810596,0.215130,-5.960930
854,1.900416,1.719475,30.886170,0.216140,-5.960930
855,1.746721,9.412569,30.059290,0.247293,-5.960930
856,1.901985,6.256439,27.924639,0.254850,-5.960930
857,1.104487,18.179952,44.319843,0.260017,-5.960930
858,1.901674,1.241074,27.786506,0.275048,-5.960930
859,1.176230,1.604916,45.857371,0.274614,-2.509535
860,2.236942,7.923590,26.588291,0.291173,-5.960930
861,1.901674,1.248010,27.786506,0.292953,-2.381652
862,1.901674,1.241074,28.144981,0.293583,-5.960930
863,1.901674,1.241074,27.810748,0.303353,-5.960930
864,1.901674,1.248010,16.058995,0.306635,-5.960930
865,2.618996,1.241074,16.221579,0.306635,-5.960930
866,1.904181,2.531954,29.770974,0.306635,-5.960930
867,1.896203,7.361218,32.446064,0.309962,-5.960930
868,1.881050,5.994803,16.813644,0.313587,-5.960930
869,1.901674,1.126340,16.059386,0.315293,-5.960930
870,1.881128,5.994803,16.810607,0.207431,-6.694620
871,1.104487,1.604916,45.176538,0.196003,-5.960930
872,1.901674,1.719475,27.786506,0.478043,-6.613500
873,1.746721,6.256439,30.059290,0.396110,-6.563610
874,2.649082,30.554485,29.615102,0.243858,-5.977380
875,1.901674,2.137179,16.987980,3.227695,-6.654860
876,1.901674,2.503488,16.086469,0.199183,-5.960930
877,0.967072,36.902303,34.475183,0.200269,-5.960930
878,1.908539,30.554485,30.675486,0.200281,-5.960930
879,0.666914,2.130363,27.786506,0.201253,-5.960930
880,2.625861,30.554485,34.547609,0.202977,-5.960930
881,1.904181,6.160747,29.770974,0.205743,-5.960930
882,1.901674,1.241074,16.987980,0.207917,-5.960930
883,2.625861,30.554485,30.810596,0.215130,-5.960930
884,1.901674,5.112936,15.461334,0.215130,-5.960930
885,1.900416,1.719475,30.886170,0.216140,-5.960930
886,1.746721,9.412569,30.059290,0.247293,-5.960930
887,1.901985,6.256439,27.924639,0.254850,-5.960930
888,1.104487,18.179952,44.319843,0.260017,-5.960930
889,1.901674,1.241074,27.786506,0.275048,-5.960930
890,1.176230,1.604916,45.857371,0.274614,-2.509535
891,2.236942,7.923590,26.588291,0.291173,-5.960930
892,1.901674,1.248010,27.786506,0.292953,-2.381652
893,1.901674,1.241074,28.144981,0.293583,-5.960930
894,1.901674,1.241074,27.810748,0.303353,-5.960930
895,1.901674,1.248010,16.058995,0.306635,-5.960930
896,2.618996,1.241074,16.221579,0.306635,-5.960930
897,1.904181,2.531954,29.770974,0.306635,-5.960930
898,1.901674,1.241074,28.435883,0.306635,-5.960930
899,1.896203,7.361218,32.446064,0.309962,-5.960930
900,1.881128,5.994803,16.810607,0.207431,-6.694620
901,1.104487,1.604916,45.176538,0.196003,-5.960930
902,1.901674,1.719475,27.786506,0.478043,-6.613500
903,1.746721,6.256439,30.059290,0.396110,-6.563610
904,2.649082,30.554485,29.615102,0.243858,-5.977380
905,1.901674,2.137179,16.987980,3.227695,-6.654860
906,1.901674,2.503488,16.086469,0.199183,-5.960930
907,0.967072,36.902303,34.475183,0.200269,-5.960930
908,1.908539,30.554485,30.675486,0.200281,-5.960930
909,0.666914,2.130363,27.786506,0.201253,-5.960930
910,2.625861,30.554485,34.547609,0.202977,-5.960930
911,1.904181,6.160747,29.770974,0.205743,-5.960930
912,2.625861,18.048571,34.667397,0.207536,-5.960930
913,1.901674,1.241074,16.987980,0.207917,-5.960930
914,2.625861,30.554485,30.810596,0.215130,-5.960930
915,1.901674,5.112936,15.461334,0.215130,-5.960930
916,1.893497,1.241074,16.987980,0.215130,-5.960930
917,1.900416,1.719475,30.886170,0.216140,-5.960930
918,1.746721,9.412569,30.059290,0.247293,-5.960930
919,1.901985,6.256439,27.924639,0.254850,-5.960930
920,1.104487,18.179952,44.319843,0.260017,-5.960930
921,1.901674,1.241074,27.786506,0.275048,-5.960930
922,1.176230,1.604916,45.857371,0.274614,-2.509535
923,2.236942,7.923590,26.588291,0.291173,-5.960930
924,1.901674,1.248010,27.786506,0.292953,-2.381652
925,1.901674,1.241074,28.144981,0.293583,-5.960930
926,1.901674,1.241074,27.810748,0.303353,-5.960930
927,1.904181,2.531954,29.770974,0.306635,-5.960930
928,1.901674,1.241074,28.435883,0.306635,-5.960930
929,2.618996,1.241074,16.221579,0.306635,-5.960930
930,1.881128,5.994803,16.810607,0.207431,-6.694620
931,1.104487,1.604916,45.176538,0.196003,-5.960930
932,1.901674,1.719475,27.786506,0.478043,-6.613500
933,1.746721,6.256439,30.059290,0.396110,-6.563610
934,2.649082,30.554485,29.615102,0.243858,-5.977380
935,1.901674,2.137179,16.987980,3.227695,-6.654860
936,1.901674,2.503488,16.086469,0.199183,-5.960930
937,0.967072,36.902303,34.475183,0.200269,-5.960930
938,1.908539,30.554485,30.675486,0.200281,-5.960930
939,1.904181,6.134630,30.017636,0.200287,-5.960930
940,0.666914,2.130363,27.786506,0.201253,-5.960930
941,2.625861,30.554485,34.547609,0.202977,-5.960930
942,1.904181,6.160747,29.770974,0.205743,-5.960930
943,2.625861,18.048571,34.667397,0.207536,-5.960930
944,1.901674,1.241074,16.987980,0.207917,-5.960930
945,2.625861,30.554485,30.810596,0.215130,-5.960930
946,1.901674,5.112936,15.461334,0.215130,-5.960930
947,1.893497,1.241074,16.987980,0.215130,-5.960930
948,0.632462,1.505879,27.786506,0.215130,-5.960930
949,1.900416,1.719475,30.886170,0.216140,-5.960930
950,1.746721,9.412569,30.059290,0.247293,-5.960930
951,1.901985,6.256439,27.924639,0.254850,-5.960930
952,1.104487,18.179952,44.319843,0.260017,-5.960930
953,1.901674,1.241074,27.786506,0.275048,-5.960930
954,1.176230,1.604916,45.857371,0.274614,-2.509535
955,2.236942,7.923590,26.588291,0.291173,-5.960930
956,1.901674,1.248010,27.786506,0.292953,-2.381652
957,1.901674,1.241074,28.144981,0.293583,-5.960930
958,0.967072,36.902303,34.875969,0.302480,-5.960930
959,1.901674,1.241074,27.810748,0.303353,-5.960930
960,1.881128,5.994803,16.810607,0.207431,-6.694620
961,1.104487,1.604916,45.176538,0.196003,-5.960930
962,1.901674,1.719475,27.786506,0.478043,-6.613500
963,1.746721,6.256439,30.059290,0.396110,-6.563610
964,2.649082,30.554485,29.615102,0.243858,-5.977380
965,1.901674,2.137179,16.987980,3.227695,-6.654860
966,1.901674,2.503488,16.086469,0.199183,-5.960930
967,0.967072,36.902303,34.475183,0.200269,-5.960930
968,1.908539,30.554485,30.675486,0.200281,-5.960930
969,1.904181,6.134630,30.017636,0.200287,-5.960930
970,0.666914,2.130363,27.786506,0.201253,-5.960930
971,2.625861,30.554485,34.547609,0.202977,-5.960930
972,1.904181,6.160747,29.770974,0.205743,-5.960930
973,2.625861,18.048571,34.667397,0.207536,-5.960930
974,1.901674,1.241074,16.987980,0.207917,-5.960930
975,2.625861,30.554485,30.810596,0.215130,-5.960930
976,1.901674,5.112936,15.461334,0.215130,-5.960930
977,1.893497,1.241074,16.987980,0.215130,-5.960930
978,0.632462,1.505879,27.786506,0.215130,-5.960930
979,1.900416,1.719475,30.886170,0.216140,-5.960930
980,2.260010,6.134630,25.732488,0.217092,-5.960930
981,1.746721,9.412569,30.059290,0.247293,-5.960930
982,1.901985,6.256439,27.924639,0.254850,-5.960930
983,1.104487,18.179952,44.319843,0.260017,-5.960930
984,2.625861,21.336756,34.667397,0.270589,-5.960930
985,1.901674,1.241074,27.786506,0.275048,-5.960930
986,1.176230,1.604916,45.857371,0.274614,-2.509535
987,2.236942,7.923590,26.588291,0.291173,-5.960930
988,1.901674,1.248010,27.786506,0.292953,-2.381652
989,1.901674,1.241074,28.144981,0.293583,-5.960930
990,1.881128,5.994803,16.810607,0.207431,-6.694620
991,1.104487,1.604916,45.176538,0.196003,-5.960930
992,1.901674,1.719475,27.786506,0.478043,-6.613500
993,1.746721,6.256439,30.059290,0.396110,-6.563610
994,2.649082,30.554485,29.615102,0.243858,-5.977380
995,1.901674,2.137179,16.987980,3.227695,-6.654860
996,1.901674,2.503488,16.086469,0.199183,-5.960930
997,0.967072,36.902303,34.475183,0.200269,-5.960930
998,1.908539,30.554485,30.675486,0.200281,-5.960930
999,1.904181,6.134630,30.017636,0.200287,-5.960930
1000,0.666914,2.130363,27.786506,0.201253,-5.960930
1001,2.625861,30.554485,34.547609,0.202977,-5.960930
1002,1.904181,6.160747,29.770974,0.205743,-5.960930
1003,1.851440,18.048571,34.667397,0.205534,-2.724591
1004,2.625861,18.048571,34.667397,0.207536,-5.960930
1005,1.901674,1.241074,16.987980,0.207917,-5.960930
1006,2.625861,30.554485,30.810596,0.215130,-5.960930
1007,1.901674,5.112936,15.461334,0.215130,-5.960930
1008,1.893497,1.241074,16.987980,0.215130,-5.960930
1009,0.632462,1.505879,27.786506,0.215130,-5.960930
1010,1.900416,1.719475,30.886170,0.216140,-5.960930
1011,2.260010,6.134630,25.732488,0.217092,-5.960930
1012,1.746721,9.412569,30.059290,0.247293,-5.960930
1013,1.901985,6.256439,27.924639,0.254850,-5.960930
1014,1.104487,18.179952,44.319843,0.260017,-5.960930
1015,2.625861,21.336756,34.667397,0.270589,-5.960930
1016,1.901674,1.241074,27.786506,0.275048,-5.960930
1017,1.176230,1.604916,45.857371,0.274614,-2.509535
1018,2.236942,7.923590,26.588291,0.291173,-5.960930
1019,1.901674,1.248010,27.786506,0.292953,-2.381652
1020,1.881128,5.994803,16.810607,0.207431,-6.694620
1021,1.104487,1.604916,45.176538,0.196003,-5.960930
1022,1.901674,1.719475,27.786506,0.478043,-6.613500
1023,1.746721,6.256439,30.059290,0.396110,-6.563610
1024,2.649082,30.554485,29.615102,0.243858,-5.977380
1025,1.901674,2.137179,16.987980,3.227695,-6.654860
1026,1.901674,2.503488,16.086469,0.199183,-5.960930
1027,0.967072,36.902303,34.475183,0.200269,-5.960930
1028,1.908539,30.554485,30.675486,0.200281,-5.960930
1029,1.904181,6.134630,30.017636,0.200287,-5.960930
1030,0.666914,2.130363,27.786506,0.201253,-5.960930
1031,2.625861,30.554485,34.547609,0.202977,-5.960930
1032,1.904181,6.160747,29.770974,0.205743,-5.960930
1033,1.851440,18.048571,34.667397,0.205534,-2.724591
1034,2.625861,18.048571,34.667397,0.207536,-5.960930
1035,1.901674,1.241074,16.987980,0.207917,-5.960930
1036,2.625861,30.554485,30.810596,0.215130,-5.960930
1037,1.901674,5.112936,15.461334,0.215130,-5.960930
1038,1.893497,1.241074,16.987980,0.215130,-5.960930
1039,0.632462,1.505879,27.786506,0.215130,-5.960930
1040,1.900416,1.719475,30.886170,0.216140,-5.960930
1041,2.260010,6.134630,25.732488,0.217092,-5.960930
1042,0.967072,36.902303,35.096609,0.220212,-5.960930
1043,1.746721,9.412569,30.059290,0.247293,-5.960930
1044,1.901985,6.256439,27.924639,0.254850,-5.960930
1045,1.104487,18.179952,44.319843,0.260017,-5.960930
1046,2.625861,21.336756,34.667397,0.270589,-5.960930
1047,2.630575,18.594014,34.667397,0.274032,-5.960930
1048,1.901674,1.241074,27.786506,0.275048,-5.960930
1049,1.176230,1.604916,45.857371,0.274614,-2.509535
1050,1.881128,5.994803,16.810607,0.207431,-6.694620
1051,1.104487,1.604916,45.176538,0.196003,-5.960930
1052,1.901674,1.719475,27.786506,0.478043,-6.613500
1053,1.746721,6.256439,30.059290,0.396110,-6.563610
1054,2.649082,30.554485,29.615102,0.243858,-5.977380
1055,1.901674,2.137179,16.987980,3.227695,-6.654860
1056,1.901674,2.503488,16.086469,0.199183,-5.960930
1057,0.967072,36.902303,34.475183,0.200269,-5.960930
1058,1.908539,30.554485,30.675486,0.200281,-5.960930
1059,1.904181,6.134630,30.017636,0.200287,-5.960930
1060,0.666914,2.130363,27.786506,0.201253,-5.960930
1061,2.625861,30.554485,34.547609,0.202977,-5.960930
1062,1.904181,6.160747,29.770974,0.205743,-5.960930
1063,1.851440,18.048571,34.667397,0.205534,-2.724591
1064,2.625861,18.048571,34.667397,0.207536,-5.960930
1065,1.901674,1.241074,16.987980,0.207917,-5.960930
1066,2.625861,30.554485,30.810596,0.215130,-5.960930
1067,1.901674,5.112936,15.461334,0.215130,-5.960930
1068,1.893497,1.241074,16.987980,0.215130,-5.960930
1069,0.632462,1.505879,27.786506,0.215130,-5.960930
1070,0.666914,2.058634,27.786506,0.215898,-5.960930
1071,1.900416,1.719475,30.886170,0.216140,-5.960930
1072,2.260010,6.134630,25.732488,0.217092,-5.960930
1073,0.967072,36.902303,35.096609,0.220212,-5.960930
1074,1.746721,9.412569,30.059290,0.247293,-5.960930
1075,1.901985,6.256439,27.924639,0.254850,-5.960930
1076,1.104487,18.179952,44.319843,0.260017,-5.960930
1077,2.625861,21.336756,34.667397,0.270589,-5.960930
1078,2.630575,18.594014,34.667397,0.274032,-5.960930
1079,1.901674,1.241074,27.786506,0.275048,-5.960930
1080,1.881128,5.994803,16.810607,0.207431,-6.694620
1081,1.104487,1.604916,45.176538,0.196003,-5.960930
1082,1.901674,1.719475,27.786506,0.478043,-6.613500
1083,1.746721,6.256439,30.059290,0.396110,-6.563610
1084,2.649082,30.554485,29.615102,0.243858,-5.977380
1085,1.901674,2.137179,16.987980,3.227695,-6.654860
1086,1.901674,2.503488,16.086469,0.199183,-5.960930
1087,0.967072,36.902303,34.475183,0.200269,-5.960930
1088,1.908539,30.554485,30.675486,0.200281,-5.960930
1089,1.904181,6.134630,30.017636,0.200287,-5.960930
1090,0.666914,2.130363,27.786506,0.201253,-5.960930
1091,2.625861,30.554485,34.547609,0.202977,-5.960930
1092,1.904181,6.160747,29.770974,0.205743,-5.960930
1093,1.851440,18.048571,34.667397,0.205534,-2.724591
1094,2.625861,18.048571,34.667397,0.207536,-5.960930
1095,1.901674,1.241074,16.987980,0.207917,-5.960930
1096,2.625861,30.554485,30.810596,0.215130,-5.960930
1097,1.901674,5.112936,15.461334,0.215130,-5.960930
1098,1.893497,1.241074,16.987980,0.215130,-5.960930
1099,0.632462,1.505879,27.786506,0.215130,-5.960930
1100,0.666914,2.058634,27.786506,0.215898,-5.960930
1101,1.900416,1.719475,30.886170,0.216140,-5.960930
1102,2.260010,6.134630,25.732488,0.217092,-5.960930
1103,0.967072,36.902303,35.096609,0.220212,-5.960930
1104,1.746721,9.412569,30.059290,0.247293,-5.960930
1105,1.901985,6.256439,27.924639,0.254850,-5.960930
1106,1.104487,18.179952,44.319843,0.260017,-5.960930
1107,2.625861,21.336756,34.667397,0.270589,-5.960930
1108,2.630575,18.594014,34.667397,0.274032,-5.960930
1109,1.901674,1.241074,27.786506,0.275048,-5.960930
1110,1.881128,5.994803,16.810607,0.207431,-6.694620
1111,1.104487,1.604916,45.176538,0.196003,-5.960930
1112,1.901674,1.719475,27.786506,0.478043,-6.613500
1113,1.746721,6.256439,30.059290,0.396110,-6.563610
1114,2.649082,30.554485,29.615102,0.243858,-5.977380
1115,1.901674,2.137179,16.987980,3.227695,-6.654860
1116,1.901674,2.503488,16.086469,0.199183,-5.960930
1117,0.967072,36.902303,34.475183,0.200269,-5.960930
1118,1.908539,30.554485,30.675486,0.200281,-5.960930
1119,1.904181,6.134630,30.017636,0.200287,-5.960930
1120,0.666914,2.130363,27.786506,0.201253,-5.960930
1121,2.625861,30.554485,34.547609,0.202977,-5.960930
1122,1.904181,6.160747,29.770974,0.205743,-5.960930
1123,1.851440,18.048571,34.667397,0.205534,-2.724591
1124,2.625861,18.048571,34.667397,0.207536,-5.960930
1125,1.901674,1.241074,16.987980,0.207917,-5.960930
1126,2.625861,30.554485,30.810596,0.215130,-5.960930
1127,1.901674,5.112936,15.461334,0.215130,-5.960930
1128,1.893497,1.241074,16.987980,0.215130,-5.960930
1129,0.632462,1.505879,27.786506,0.215130,-5.960930
1130,0.666914,2.058634,27.786506,0.215898,-5.960930
1131,1.900416,1.719475,30.886170,0.216140,-5.960930
1132,2.260010,6.134630,25.732488,0.217092,-5.960930
1133,0.967072,36.902303,35.096609,0.220212,-5.960930
1134,1.746721,9.412569,30.059290,0.247293,-5.960930
1135,1.901985,6.256439,27.924639,0.254850,-5.960930
1136,1.104487,18.179952,44.319843,0.260017,-5.960930
1137,2.625861,21.336756,34.667397,0.270589,-5.960930
1138,2.630575,18.594014,34.667397,0.274032,-5.960930
1139,1.901674,1.241074,27.786506,0.275048,-5.960930
1140,1.881128,5.994803,16.810607,0.207431,-6.694620
1141,1.104487,1.604916,45.176538,0.196003,-5.960930
1142,1.901674,1.719475,27.786506,0.478043,-6.613500
1143,1.746721,6.256439,30.059290,0.396110,-6.563610
1144,2.649082,30.554485,29.615102,0.243858,-5.977380
1145,1.901674,2.137179,16.987980,3.227695,-6.654860
1146,1.901674,2.503488,16.086469,0.199183,-5.960930
1147,0.967072,36.902303,34.475183,0.200269,-5.960930
1148,1.908539,30.554485,30.675486,0.200281,-5.960930
1149,1.904181,6.134630,30.017636,0.200287,-5.960930
1150,0.666914,2.130363,27.786506,0.201253,-5.960930
1151,2.625861,30.554485,34.547609,0.202977,-5.960930
1152,1.904181,6.160747,29.770974,0.205743,-5.960930
1153,1.851440,18.048571,34.667397,0.205534,-2.724591
1154,2.625861,18.048571,34.667397,0.207536,-5.960930
1155,1.901674,1.241074,16.987980,0.207917,-5.960930
1156,2.625861,30.554485,30.810596,0.215130,-5.960930
1157,1.901674,5.112936,15.461334,0.215130,-5.960930
1158,1.893497,1.241074,16.987980,0.215130,-5.960930
1159,0.632462,1.505879,27.786506,0.215130,-5.960930
1160,0.666914,2.058634,27.786506,0.215898,-5.960930
1161,1.900416,1.719475,30.886170,0.216140,-5.960930
1162,2.260010,6.134630,25.732488,0.217092,-5.960930
1163,1.904306,2.538967,30.017636,0.220124,-5.960930
1164,0.967072,36.902303,35.096609,0.220212,-5.960930
1165,1.746721,9.412569,30.059290,0.247293,-5.960930
1166,1.901985,6.256439,27.924639,0.254850,-5.960930
1167,1.162869,36.902303,34.475856,0.255215,-5.960930
1168,1.104487,18.179952,44.319843,0.260017,-5.960930
1169,2.625861,21.336756,34.667397,0.270589,-5.960930
1170,1.881128,5.994803,16.810607,0.207431,-6.694620
1171,1.104487,1.604916,45.176538,0.196003,-5.960930
1172,1.901674,1.719475,27.786506,0.478043,-6.613500
1173,1.746721,6.256439,30.059290,0.396110,-6.563610
1174,2.649082,30.554485,29.615102,0.243858,-5.977380
1175,1.901674,2.137179,16.987980,3.227695,-6.654860
1176,1.901674,2.503488,16.086469,0.199183,-5.960930
1177,0.967072,36.902303,34.475183,0.200269,-5.960930
1178,1.908539,30.554485,30.675486,0.200281,-5.960930
1179,1.904181,6.134630,30.017636,0.200287,-5.960930
1180,0.666914,2.130363,27.786506,0.201253,-5.960930
1181,2.625861,30.554485,34.547609,0.202977,-5.960930
1182,1.904181,6.160747,29.770974,0.205743,-5.960930
1183,1.851440,18.048571,34.667397,0.205534,-2.724591
1184,2.625861,18.048571,34.667397,0.207536,-5.960930
1185,1.901674,1.241074,16.987980,0.207917,-5.960930
1186,2.625861,30.554485,30.810596,0.215130,-5.960930
1187,1.901674,5.112936,15.461334,0.215130,-5.960930
1188,1.893497,1.241074,16.987980,0.215130,-5.960930
1189,0.632462,1.505879,27.786506,0.215130,-5.960930
1190,0.666914,2.058634,27.786506,0.215898,-5.960930
1191,1.900416,1.719475,30.886170,0.216140,-5.960930
1192,2.260010,6.134630,25.732488,0.217092,-5.960930
1193,1.904306,2.538967,30.017636,0.220124,-5.960930
1194,0.967072,36.902303,35.096609,0.220212,-5.960930
1195,1.746721,9.412569,30.059290,0.247293,-5.960930
1196,1.901985,6.256439,27.924639,0.254850,-5.960930
1197,1.162869,36.902303,34.475856,0.255215,-5.960930
1198,1.104487,18.179952,44.319843,0.260017,-5.960930
1199,2.625861,21.336756,34.667397,0.270589,-5.960930
1200,1.881128,5.994803,16.810607,0.207431,-6.694620
1201,1.104487,1.604916,45.176538,0.196003,-5.960930
1202,1.901674,1.719475,27.786506,0.478043,-6.613500
1203,1.746721,6.256439,30.059290,0.396110,-6.563610
1204,2.649082,30.554485,29.615102,0.243858,-5.977380
1205,1.901674,2.137179,16.987980,3.227695,-6.654860
1206,1.901674,2.503488,16.086469,0.199183,-5.960930
1207,0.967072,36.902303,34.475183,0.200269,-5.960930
1208,1.908539,30.554485,30.675486,0.200281,-5.960930
1209,1.904181,6.134630,30.017636,0.200287,-5.960930
1210,0.666914,2.130363,27.786506,0.201253,-5.960930
1211,2.625861,30.554485,34.547609,0.202977,-5.960930
1212,1.904181,6.160747,29.770974,0.205743,-5.960930
1213,1.851440,18.048571,34.667397,0.205534,-2.724591
1214,2.625861,18.048571,34.667397,0.207536,-5.960930
1215,1.901674,1.241074,16.987980,0.207917,-5.960930
1216,2.625861,30.554485,30.810596,0.215130,-5.960930
1217,1.901674,5.112936,15.461334,0.215130,-5.960930
1218,1.893497,1.241074,16.987980,0.215130,-5.960930
1219,0.632462,1.505879,27.786506,0.215130,-5.960930
1220,0.666914,2.058634,27.786506,0.215898,-5.960930
1221,1.900416,1.719475,30.886170,0.216140,-5.960930
1222,2.260010,6.134630,25.732488,0.217092,-5.960930
1223,1.904306,2.538967,30.017636,0.220124,-5.960930
1224,0.967072,36.902303,35.096609,0.220212,-5.960930
1225,1.746721,9.412569,30.059290,0.247293,-5.960930
1226,1.881128,5.994803,17.756372,0.247996,-5.960930
1227,1.901985,6.256439,27.924639,0.254850,-5.960930
1228,1.162869,36.902303,34.475856,0.255215,-5.960930
1229,1.104487,18.179952,44.319843,0.260017,-5.960930
1230,1.881128,5.994803,16.810607,0.207431,-6.694620
1231,1.104487,1.604916,45.176538,0.196003,-5.960930
1232,1.901674,1.719475,27.786506,0.478043,-6.613500
1233,1.746721,6.256439,30.059290,0.396110,-6.563610
1234,2.649082,30.554485,29.615102,0.243858,-5.977380
1235,1.901674,2.137179,16.987980,3.227695,-6.654860
1236,1.901674,2.503488,16.086469,0.199183,-5.960930
1237,0.967072,36.902303,34.475183,0.200269,-5.960930
1238,1.908539,30.554485,30.675486,0.200281,-5.960930
1239,1.904181,6.134630,30.017636,0.200287,-5.960930
1240,0.666914,2.130363,27.786506,0.201253,-5.960930
1241,2.625861,30.554485,34.547609,0.202977,-5.960930
1242,1.904181,6.160747,29.770974,0.205743,-5.960930
1243,1.851440,18.048571,34.667397,0.205534,-2.724591
1244,2.625861,18.048571,34.667397,0.207536,-5.960930
1245,1.901674,1.241074,16.987980,0.207917,-5.960930
1246,2.625861,30.554485,30.810596,0.215130,-5.960930
1247,1.901674,5.112936,15.461334,0.215130,-5.960930
1248,1.893497,1.241074,16.987980,0.215130,-5.960930
1249,0.632462,1.505879,27.786506,0.215130,-5.960930
1250,0.666914,2.058634,27.786506,0.215898,-5.960930
1251,1.900416,1.719475,30.886170,0.216140,-5.960930
1252,2.260010,6.134630,25.732488,0.217092,-5.960930
1253,1.904306,2.538967,30.017636,0.220124,-5.960930
1254,0.967072,36.902303,35.096609,0.220212,-5.960930
1255,1.746721,9.412569,30.059290,0.247293,-5.960930
1256,1.881128,5.994803,17.756372,0.247996,-5.960930
1257,1.901985,6.256439,27.924639,0.254850,-5.960930
1258,1.162869,36.902303,34.475856,0.255215,-5.960930
1259,1.104487,18.179952,44.319843,0.260017,-5.960930
1260,1.881128,5.994803,16.810607,0.207431,-6.694620
1261,1.104487,1.604916,45.176538,0.196003,-5.960930
1262,2.649082,30.554485,29.615102,0.243858,-5.977380
1263,1.901674,2.137179,16.987980,3.227695,-6.654860
1264,1.851440,17.547548,34.795383,0.393672,-6.630900
1265,1.901674,2.503488,16.086469,0.199183,-5.960930
1266,1.901674,1.719475,27.786506,0.478043,-6.613500
1267,1.746721,6.256439,30.059290,0.396110,-6.563610
1268,0.967072,36.902303,34.475183,0.200269,-5.960930
1269,1.908539,30.554485,30.675486,0.200281,-5.960930
1270,1.904181,6.134630,30.017636,0.200287,-5.960930
1271,0.666914,2.130363,27.786506,0.201253,-5.960930
1272,2.625861,30.554485,34.547609,0.202977,-5.960930
1273,1.904181,6.160747,29.770974,0.205743,-5.960930
1274,1.851440,18.048571,34.667397,0.205534,-2.724591
1275,2.625861,18.048571,34.667397,0.207536,-5.960930
1276,1.901674,1.241074,16.987980,0.207917,-5.960930
1277,2.625861,30.554485,30.810596,0.215130,-5.960930
1278,1.901674,5.112936,15.461334,0.215130,-5.960930
1279,1.893497,1.241074,16.987980,0.215130,-5.960930
1280,0.632462,1.505879,27.786506,0.215130,-5.960930
1281,0.666914,2.058634,27.786506,0.215898,-5.960930
1282,1.900416,1.719475,30.886170,0.216140,-5.960930
1283,2.260010,6.134630,25.732488,0.217092,-5.960930
1284,1.904306,2.538967,30.017636,0.220124,-5.960930
1285,0.967072,36.902303,35.096609,0.220212,-5.960930
1286,1.746721,9.412569,30.059290,0.247293,-5.960930
1287,1.881128,5.994803,17.756372,0.247996,-5.960930
1288,1.901985,6.256439,27.924639,0.254850,-5.960930
1289,1.162869,36.902303,34.475856,0.255215,-5.960930
